timestamp,player_id,heart_rate_bpm,speed_kmh,total_distance_m
2025-05-15T13:00:02.116460Z,110,156,28.8,12943
2025-05-15T13:00:04.574775Z,97,147,34.6,7329
2025-05-15T13:00:06.694842Z,447,105,16.2,14385
2025-05-15T13:00:08.907731Z,97,133,13.4,18236
2025-05-15T13:00:11.282498Z,110,93,14.4,12517
2025-05-15T13:00:14.171128Z,447,99,7.6,9393
2025-05-15T13:00:17.052494Z,97,142,16.8,8721
2025-05-15T13:00:18.173099Z,110,102,26.7,14316
2025-05-15T13:00:19.130637Z,447,168,33.8,19365
2025-05-15T13:00:21.118440Z,110,154,19.9,3733
2025-05-15T13:00:24.107616Z,97,137,28.2,2195
2025-05-15T13:00:26.386333Z,447,113,5.8,14116
2025-05-15T13:00:29.006637Z,110,164,4.9,7023
2025-05-15T13:00:30.674808Z,97,145,16.1,17712
2025-05-15T13:00:33.285435Z,447,93,3.1,1799
2025-05-15T13:00:35.888004Z,110,164,23.3,898
2025-05-15T13:00:37.965066Z,97,164,22.0,3115
2025-05-15T13:00:40.589114Z,447,149,33.0,2742
2025-05-15T13:00:41.677141Z,110,167,24.6,18728
2025-05-15T13:00:43.459529Z,97,144,31.0,19159
2025-05-15T13:00:45.080980Z,447,98,31.4,2736
2025-05-15T13:00:48.021008Z,110,82,25.6,17612
2025-05-15T13:00:49.780132Z,97,155,33.8,16653
2025-05-15T13:00:50.356471Z,447,89,34.0,13074
2025-05-15T13:00:53.091880Z,110,118,18.7,5266
2025-05-15T13:00:55.486462Z,97,137,33.1,11667
2025-05-15T13:00:57.291328Z,447,109,20.0,14429
2025-05-15T13:01:00.222626Z,110,127,15.3,377
2025-05-15T13:01:02.070375Z,97,87,28.4,8503
2025-05-15T13:01:03.920612Z,447,133,16.6,15508
2025-05-15T13:01:06.087072Z,110,103,29.5,12460
2025-05-15T13:01:07.995645Z,97,118,20.8,2998
2025-05-15T13:01:10.407169Z,447,165,2.9,5171
2025-05-15T13:01:12.184415Z,110,143,23.6,19347
2025-05-15T13:01:13.360455Z,97,101,21.0,13876
2025-05-15T13:01:15.259677Z,447,144,5.3,12848
2025-05-15T13:01:17.206167Z,97,165,32.6,15634
2025-05-15T13:01:19.367626Z,110,86,9.3,19295
2025-05-15T13:01:20.754229Z,447,95,9.1,2897
2025-05-15T13:01:23.229520Z,97,134,3.9,13996
2025-05-15T13:01:23.839573Z,110,150,22.5,5800
2025-05-15T13:01:25.558340Z,447,166,31.3,18127
2025-05-15T13:01:27.453809Z,97,122,25.3,11601
2025-05-15T13:01:28.221331Z,110,138,20.3,13046
2025-05-15T13:01:29.175644Z,447,161,1.6,19816
2025-05-15T13:01:31.991212Z,110,169,22.4,19982
2025-05-15T13:01:33.431999Z,97,149,8.7,8677
2025-05-15T13:01:36.270890Z,447,134,0.9,14845
2025-05-15T13:01:38.050142Z,97,99,2.3,380
2025-05-15T13:01:38.932515Z,110,123,3.6,4664
2025-05-15T13:01:39.832033Z,447,125,20.3,7967
2025-05-15T13:01:42.395833Z,97,132,9.6,17914
2025-05-15T13:01:43.208477Z,110,144,33.9,7274
2025-05-15T13:01:44.373273Z,447,131,18.6,16443
2025-05-15T13:01:45.443153Z,97,85,30.8,4504
2025-05-15T13:01:48.405684Z,110,130,16.8,17275
2025-05-15T13:01:50.018620Z,447,153,2.4,722
2025-05-15T13:01:52.076718Z,97,88,3.1,2420
2025-05-15T13:01:53.112847Z,110,94,20.5,8135
2025-05-15T13:01:54.507215Z,447,156,22.4,5349
2025-05-15T13:01:57.503662Z,97,106,25.0,3537
2025-05-15T13:01:58.585284Z,110,140,25.2,13
2025-05-15T13:01:59.939607Z,447,111,1.5,8339
2025-05-15T13:02:01.242651Z,110,145,3.3,10893
2025-05-15T13:02:03.692048Z,97,169,0.8,5425
2025-05-15T13:02:05.092838Z,447,115,26.3,16239
2025-05-15T13:02:05.954449Z,97,95,21.6,14054
2025-05-15T13:02:07.249158Z,110,84,30.6,9474
2025-05-15T13:02:08.433158Z,447,152,14.6,2070
2025-05-15T13:02:10.108274Z,97,141,31.4,2140
2025-05-15T13:02:12.539274Z,110,96,24.5,19482
2025-05-15T13:02:14.384874Z,447,149,22.1,17914
2025-05-15T13:02:16.237479Z,97,80,30.3,15129
2025-05-15T13:02:18.820799Z,110,98,3.4,2608
2025-05-15T13:02:20.427926Z,447,132,18.1,3427
2025-05-15T13:02:22.896118Z,97,121,21.8,12927
2025-05-15T13:02:24.962593Z,110,113,19.1,17642
2025-05-15T13:02:27.006110Z,447,111,24.5,19063
2025-05-15T13:02:28.495679Z,97,159,19.2,10211
2025-05-15T13:02:31.321453Z,110,128,19.9,2958
2025-05-15T13:02:32.639770Z,447,155,9.1,10274
2025-05-15T13:02:35.148718Z,97,86,3.9,4416
2025-05-15T13:02:37.454672Z,110,166,6.3,15655
2025-05-15T13:02:40.441382Z,447,111,24.4,12500
2025-05-15T13:02:43.164267Z,97,85,12.3,2306
2025-05-15T13:02:44.850469Z,110,134,23.9,2027
2025-05-15T13:02:45.918142Z,447,156,18.8,18194
2025-05-15T13:02:48.436902Z,97,106,14.7,8144
2025-05-15T13:02:49.963876Z,110,170,22.7,3277
2025-05-15T13:02:51.750545Z,447,113,11.5,19644
2025-05-15T13:02:52.390073Z,97,142,0.3,811
2025-05-15T13:02:54.375366Z,110,163,20.0,4452
2025-05-15T13:02:55.622149Z,447,154,8.8,1538
2025-05-15T13:02:56.855442Z,110,128,35.0,8977
2025-05-15T13:02:59.319235Z,97,151,21.5,14134
2025-05-15T13:03:01.062994Z,447,86,11.4,14280
2025-05-15T13:03:02.218321Z,97,81,28.7,10182
2025-05-15T13:03:03.505190Z,110,126,17.2,14519
2025-05-15T13:03:04.854982Z,447,83,20.0,10109
2025-05-15T13:03:07.274995Z,110,108,6.7,16594
2025-05-15T13:03:09.788157Z,97,83,14.9,7946
2025-05-15T13:03:12.430750Z,447,127,9.0,13252
2025-05-15T13:03:15.120464Z,110,96,29.9,6039
2025-05-15T13:03:17.546526Z,97,123,24.5,1775
2025-05-15T13:03:18.317523Z,447,160,11.7,19930
2025-05-15T13:03:19.685082Z,110,86,0.3,13942
2025-05-15T13:03:20.585742Z,97,103,4.1,4985
2025-05-15T13:03:21.821023Z,447,137,15.0,15675
2025-05-15T13:03:24.055897Z,110,140,10.9,4401
2025-05-15T13:03:26.465419Z,97,158,2.4,909
2025-05-15T13:03:27.224560Z,437,102,9.8,3274
2025-05-15T13:03:27.955310Z,97,144,28.5,8231
2025-05-15T13:03:29.788832Z,110,146,22.4,1965
2025-05-15T13:03:30.304130Z,437,148,0.5,15551
2025-05-15T13:03:32.276155Z,97,130,16.8,16204
2025-05-15T13:03:35.255247Z,110,96,6.9,2593
2025-05-15T13:03:36.187470Z,437,156,30.9,11742
2025-05-15T13:03:37.797691Z,97,81,32.6,8952
2025-05-15T13:03:39.412979Z,110,132,27.7,5377
2025-05-15T13:03:41.509464Z,437,134,2.7,3634
2025-05-15T13:03:44.308268Z,110,86,7.1,8232
2025-05-15T13:03:45.380287Z,100,141,12.0,14092
2025-05-15T13:03:46.744585Z,437,155,25.5,17442
2025-05-15T13:03:47.364819Z,100,150,12.3,5531
2025-05-15T13:03:48.786058Z,110,113,33.2,5728
2025-05-15T13:03:50.060465Z,437,95,23.5,7620
2025-05-15T13:03:51.819122Z,100,112,12.7,8793
2025-05-15T13:03:52.436995Z,110,166,33.1,8338
2025-05-15T13:03:53.700753Z,437,127,10.0,15309
2025-05-15T13:03:55.047101Z,100,98,30.4,2513
2025-05-15T13:03:55.825610Z,110,104,5.4,14662
2025-05-15T13:03:57.039275Z,437,148,21.5,16097
2025-05-15T13:03:59.244705Z,110,159,25.7,2780
2025-05-15T13:04:00.871580Z,100,130,26.7,7959
2025-05-15T13:04:03.032825Z,437,162,22.5,5451
2025-05-15T13:04:04.756038Z,100,83,6.7,18189
2025-05-15T13:04:06.603278Z,110,167,5.9,2384
2025-05-15T13:04:09.347626Z,437,125,25.0,17789
2025-05-15T13:04:09.999572Z,110,88,21.2,12682
2025-05-15T13:04:12.905362Z,100,85,8.9,6368
2025-05-15T13:04:13.488362Z,437,157,34.8,7521
2025-05-15T13:04:14.800861Z,100,149,17.6,4745
2025-05-15T13:04:15.967774Z,110,109,11.6,7520
2025-05-15T13:04:18.670515Z,437,81,1.3,3402
2025-05-15T13:04:20.457271Z,100,130,15.4,16552
2025-05-15T13:04:21.673785Z,110,88,29.5,11316
2025-05-15T13:04:24.646031Z,437,115,8.9,11778
2025-05-15T13:04:25.800163Z,100,134,1.9,17423
2025-05-15T13:04:26.825828Z,110,148,30.8,2161
2025-05-15T13:04:28.513607Z,437,159,7.6,18103
2025-05-15T13:04:29.281490Z,100,162,24.0,10502
2025-05-15T13:04:30.383799Z,110,156,4.3,17584
2025-05-15T13:04:32.025032Z,437,144,17.9,8370
2025-05-15T13:04:34.710366Z,100,129,28.1,18608
2025-05-15T13:04:36.658565Z,110,155,18.5,5079
2025-05-15T13:04:39.370563Z,437,168,21.0,10029
2025-05-15T13:04:42.353582Z,100,120,16.8,4353
2025-05-15T13:04:44.947358Z,110,93,9.6,14726
2025-05-15T13:04:47.149917Z,437,112,13.2,1193
2025-05-15T13:04:49.675477Z,110,156,18.9,12495
2025-05-15T13:04:51.951659Z,100,102,9.4,6675
2025-05-15T13:04:54.530763Z,437,163,7.9,14730
2025-05-15T13:04:55.437598Z,110,110,8.3,3381
2025-05-15T13:04:56.314968Z,100,94,34.5,18012
2025-05-15T13:04:58.064891Z,437,130,32.2,5148
2025-05-15T13:05:00.924145Z,110,152,7.4,5649
2025-05-15T13:05:02.716848Z,100,145,32.3,18942
2025-05-15T13:05:04.609463Z,437,107,5.9,3969
2025-05-15T13:05:05.221418Z,110,94,0.5,7537
2025-05-15T13:05:06.160741Z,100,80,0.6,17105
2025-05-15T13:05:07.625591Z,437,135,13.3,1484
2025-05-15T13:05:10.400693Z,110,145,29.4,19558
2025-05-15T13:05:12.579376Z,100,151,32.2,15756
2025-05-15T13:05:14.866541Z,437,95,0.4,2739
2025-05-15T13:05:17.411116Z,110,104,13.0,3045
2025-05-15T13:05:18.633026Z,100,110,31.4,9481
2025-05-15T13:05:21.454416Z,437,163,8.5,2786
2025-05-15T13:05:23.428498Z,110,86,27.5,9055
2025-05-15T13:05:24.981348Z,100,150,22.5,6389
2025-05-15T13:05:26.268503Z,437,132,30.3,19290
2025-05-15T13:05:27.559484Z,110,166,27.7,1142
2025-05-15T13:05:28.068609Z,100,82,16.0,13247
2025-05-15T13:05:30.858607Z,437,80,13.0,9140
2025-05-15T13:05:33.717253Z,110,155,13.3,2442
2025-05-15T13:05:35.045772Z,100,168,1.6,14183
2025-05-15T13:05:37.976882Z,437,165,13.6,8803
2025-05-15T13:05:38.706951Z,110,81,31.7,12877
2025-05-15T13:05:41.497301Z,100,118,30.4,2958
2025-05-15T13:05:43.757500Z,437,108,34.5,51
2025-05-15T13:05:46.276907Z,110,149,11.3,13068
2025-05-15T13:05:48.312203Z,100,155,9.4,15382
2025-05-15T13:05:48.917097Z,437,158,0.5,18405
2025-05-15T13:05:51.317619Z,110,135,14.7,6629
2025-05-15T13:05:52.553122Z,100,98,13.2,18594
2025-05-15T13:05:54.464626Z,437,131,5.6,19887
2025-05-15T13:05:56.112409Z,110,81,18.5,17692
2025-05-15T13:05:57.696032Z,100,151,18.2,18538
2025-05-15T13:05:58.491815Z,437,147,34.8,15902
2025-05-15T13:06:00.945788Z,110,89,12.7,12156
2025-05-15T13:06:03.452915Z,100,134,6.3,14861
2025-05-15T13:06:06.062647Z,437,152,15.9,12355
2025-05-15T13:06:06.621081Z,110,156,8.3,729
2025-05-15T13:06:09.479251Z,100,96,15.1,11747
2025-05-15T13:06:11.115631Z,437,160,18.3,18319
2025-05-15T13:06:13.693224Z,110,103,13.3,9919
2025-05-15T13:06:16.637669Z,100,150,29.9,18731
2025-05-15T13:06:18.059028Z,437,97,32.9,15105
2025-05-15T13:06:19.462045Z,110,145,11.0,3859
2025-05-15T13:06:21.113472Z,100,138,10.2,2956
2025-05-15T13:06:23.290883Z,437,97,17.1,12618
2025-05-15T13:06:25.296191Z,110,89,3.4,18069
2025-05-15T13:06:26.157825Z,100,91,21.3,19405
2025-05-15T13:06:27.664857Z,437,97,15.3,5800
2025-05-15T13:06:28.571654Z,110,157,33.0,10953
2025-05-15T13:06:30.352221Z,100,89,15.7,8661
2025-05-15T13:06:32.654736Z,437,126,9.3,4321
2025-05-15T13:06:33.417825Z,110,150,12.1,9622
2025-05-15T13:06:34.849946Z,100,85,11.2,16573
2025-05-15T13:06:35.665994Z,442,153,5.0,12031
2025-05-15T13:06:37.408356Z,110,80,24.9,591
2025-05-15T13:06:40.253598Z,100,86,2.2,13084
2025-05-15T13:06:41.302491Z,442,170,31.4,13435
2025-05-15T13:06:42.490263Z,110,86,16.1,6922
2025-05-15T13:06:45.058465Z,100,115,29.7,15401
2025-05-15T13:06:48.038164Z,442,144,5.7,18349
2025-05-15T13:06:50.065730Z,110,115,0.2,2915
2025-05-15T13:06:51.779417Z,100,163,33.1,16931
2025-05-15T13:06:52.736338Z,442,168,9.2,14831
2025-05-15T13:06:53.837264Z,110,97,34.8,2375
2025-05-15T13:06:55.310979Z,100,149,32.3,12227
2025-05-15T13:06:55.826596Z,442,88,2.1,11515
2025-05-15T13:06:58.684024Z,110,162,24.4,1933
2025-05-15T13:06:59.412691Z,100,153,13.0,33
2025-05-15T13:07:01.438737Z,442,139,31.0,3578
2025-05-15T13:07:04.391374Z,100,164,3.0,6092
2025-05-15T13:07:05.959883Z,110,85,26.0,7451
2025-05-15T13:07:08.827394Z,442,136,1.9,18661
2025-05-15T13:07:09.667805Z,110,85,1.1,2322
2025-05-15T13:07:12.191960Z,100,155,11.0,481
2025-05-15T13:07:12.703469Z,442,141,9.0,2838
2025-05-15T13:07:15.396610Z,110,153,27.5,18408
2025-05-15T13:07:17.675051Z,100,169,10.3,4615
2025-05-15T13:07:20.168673Z,442,146,16.4,19434
2025-05-15T13:07:22.057005Z,110,107,30.3,13504
2025-05-15T13:07:23.418539Z,100,156,9.0,15473
2025-05-15T13:07:25.833517Z,442,132,29.3,2886
2025-05-15T13:07:28.731857Z,103,145,32.4,15536
2025-05-15T13:07:29.737318Z,100,119,28.4,2708
2025-05-15T13:07:30.770361Z,442,89,1.2,10888
2025-05-15T13:07:31.383871Z,100,125,27.1,13214
2025-05-15T13:07:32.438319Z,103,103,2.4,9724
2025-05-15T13:07:33.471658Z,442,126,15.3,17171
2025-05-15T13:07:35.881510Z,100,110,11.8,4960
2025-05-15T13:07:37.433202Z,103,87,14.2,8945
2025-05-15T13:07:40.380736Z,442,135,1.4,14066
2025-05-15T13:07:42.000248Z,103,155,19.2,8236
2025-05-15T13:07:44.727737Z,100,149,17.6,17929
2025-05-15T13:07:45.986836Z,442,102,11.1,7466
2025-05-15T13:07:47.443399Z,97,160,33.9,9762
2025-05-15T13:07:48.958129Z,100,97,18.9,10841
2025-05-15T13:07:50.293110Z,442,137,28.6,9066
2025-05-15T13:07:52.554830Z,97,130,12.6,10995
2025-05-15T13:07:53.935928Z,100,126,33.6,5225
2025-05-15T13:07:54.950903Z,442,103,25.5,318
2025-05-15T13:07:56.936070Z,102,149,32.8,10634
2025-05-15T13:07:57.703920Z,100,143,22.0,10140
2025-05-15T13:08:00.030470Z,442,165,34.7,3333
2025-05-15T13:08:02.754178Z,104,92,33.3,3280
2025-05-15T13:08:04.410927Z,100,144,32.9,3104
2025-05-15T13:08:06.413495Z,442,167,0.7,10765
2025-05-15T13:08:08.927098Z,104,170,33.0,12748
2025-05-15T13:08:09.562057Z,100,169,6.2,779
2025-05-15T13:08:11.077364Z,442,159,13.0,7661
2025-05-15T13:08:12.365182Z,104,114,24.5,2724
2025-05-15T13:08:14.571652Z,100,80,31.3,4431
2025-05-15T13:08:15.527254Z,442,120,27.5,18543
2025-05-15T13:08:16.920615Z,104,87,0.4,13686
2025-05-15T13:08:19.319481Z,100,169,32.2,2586
2025-05-15T13:08:20.618250Z,442,123,7.5,5999
2025-05-15T13:08:23.384514Z,104,124,33.8,19274
2025-05-15T13:08:24.533588Z,100,161,31.2,11134
2025-05-15T13:08:25.113565Z,442,116,1.5,16132
2025-05-15T13:08:25.863298Z,104,136,24.6,4231
2025-05-15T13:08:27.522537Z,100,150,1.7,11595
2025-05-15T13:08:29.793279Z,442,155,23.6,919
2025-05-15T13:08:32.576917Z,104,165,26.3,2154
2025-05-15T13:08:33.197278Z,100,130,10.1,7085
2025-05-15T13:08:36.121865Z,442,81,7.1,18971
2025-05-15T13:08:36.918159Z,104,115,12.2,1029
2025-05-15T13:08:39.613876Z,100,134,1.6,9313
2025-05-15T13:08:40.274900Z,442,149,10.5,3073
2025-05-15T13:08:43.163429Z,104,163,11.8,5710
2025-05-15T13:08:46.063040Z,100,125,12.1,7983
2025-05-15T13:08:48.836296Z,442,167,19.8,4800
2025-05-15T13:08:49.450558Z,104,129,2.5,1943
2025-05-15T13:08:50.969451Z,100,142,19.9,18927
2025-05-15T13:08:51.502072Z,442,82,13.9,14040
2025-05-15T13:08:54.359333Z,104,150,2.1,17915
2025-05-15T13:08:55.826476Z,100,136,16.7,1444
2025-05-15T13:08:58.272211Z,442,110,34.9,16415
2025-05-15T13:08:59.439851Z,100,167,4.4,7137
2025-05-15T13:09:01.595382Z,104,152,29.7,10051
2025-05-15T13:09:03.548015Z,442,127,30.2,672
2025-05-15T13:09:04.054963Z,104,142,16.0,5150
2025-05-15T13:09:05.390399Z,100,81,7.6,11401
2025-05-15T13:09:07.961505Z,442,89,17.3,12434
2025-05-15T13:09:09.244264Z,104,96,31.5,6017
2025-05-15T13:09:10.458937Z,100,138,18.8,6021
2025-05-15T13:09:12.414219Z,442,160,6.5,18765
2025-05-15T13:09:14.670360Z,100,99,7.7,7252
2025-05-15T13:09:15.939648Z,101,92,2.4,1046
2025-05-15T13:09:17.867942Z,442,162,31.3,13820
2025-05-15T13:09:20.465268Z,100,85,12.5,184
2025-05-15T13:09:22.558285Z,101,149,19.5,13566
2025-05-15T13:09:24.334377Z,442,111,0.5,3822
2025-05-15T13:09:25.055343Z,101,130,15.5,4459
2025-05-15T13:09:27.096009Z,100,80,9.9,10961
2025-05-15T13:09:29.990228Z,442,138,11.7,18434
2025-05-15T13:09:31.881437Z,100,149,15.8,18533
2025-05-15T13:09:34.533196Z,101,91,6.0,19450
2025-05-15T13:09:36.960861Z,442,119,5.9,1521
2025-05-15T13:09:38.038224Z,101,110,14.7,5871
2025-05-15T13:09:40.531573Z,100,168,5.0,12125
2025-05-15T13:09:41.915881Z,442,103,2.7,15136
2025-05-15T13:09:44.874139Z,100,83,24.3,4131
2025-05-15T13:09:45.376882Z,101,136,4.0,11280
2025-05-15T13:09:47.981516Z,445,108,25.0,18046
2025-05-15T13:09:48.496814Z,100,104,15.1,5513
2025-05-15T13:09:49.244251Z,101,157,25.4,5600
2025-05-15T13:09:49.913064Z,445,147,27.5,17113
2025-05-15T13:09:51.845191Z,100,142,25.3,11994
2025-05-15T13:09:53.759049Z,101,135,3.7,3672
2025-05-15T13:09:55.516881Z,445,107,18.7,10889
2025-05-15T13:09:57.392476Z,100,90,25.6,10254
2025-05-15T13:09:59.314914Z,101,139,24.2,15415
2025-05-15T13:10:00.233612Z,445,168,3.3,18219
2025-05-15T13:10:02.025522Z,100,170,1.8,11130
2025-05-15T13:10:04.818442Z,101,141,18.7,19787
2025-05-15T13:10:07.463642Z,445,88,19.2,12302
2025-05-15T13:10:09.485283Z,100,99,17.8,19067
2025-05-15T13:10:11.184263Z,101,102,28.1,9047
2025-05-15T13:10:12.513510Z,445,119,30.3,3144
2025-05-15T13:10:15.502082Z,100,97,5.9,15622
2025-05-15T13:10:16.408366Z,101,86,6.2,7004
2025-05-15T13:10:18.445971Z,445,148,4.5,7492
2025-05-15T13:10:19.284147Z,100,99,2.1,2905
2025-05-15T13:10:20.477708Z,101,142,34.6,6927
2025-05-15T13:10:22.805564Z,445,147,26.2,2163
2025-05-15T13:10:24.359214Z,101,126,20.2,6431
2025-05-15T13:10:26.611966Z,100,166,4.4,427
2025-05-15T13:10:27.430918Z,445,161,7.3,1661
2025-05-15T13:10:28.623414Z,101,169,5.2,4299
2025-05-15T13:10:29.449875Z,100,136,17.4,4167
2025-05-15T13:10:31.688506Z,445,93,8.5,6355
2025-05-15T13:10:32.292078Z,101,96,17.6,13694
2025-05-15T13:10:33.630741Z,100,86,14.3,12971
2025-05-15T13:10:34.623345Z,445,167,34.5,1882
2025-05-15T13:10:35.984431Z,101,156,8.1,14416
2025-05-15T13:10:37.626726Z,100,125,13.9,19154
2025-05-15T13:10:38.366611Z,445,148,7.8,2327
2025-05-15T13:10:40.576078Z,433,163,5.7,19602
2025-05-15T13:10:41.300225Z,448,167,30.9,2425
2025-05-15T13:10:42.974416Z,108,128,30.3,1339
2025-05-15T13:10:45.625918Z,448,100,20.4,17396
2025-05-15T13:10:46.671342Z,433,83,9.2,17734
2025-05-15T13:10:49.224287Z,108,88,21.7,12841
2025-05-15T13:10:50.129793Z,448,152,2.8,6652
2025-05-15T13:10:52.977008Z,433,133,17.0,16419
2025-05-15T13:10:53.616701Z,108,131,19.5,12077
2025-05-15T13:10:56.538799Z,448,133,29.5,12886
2025-05-15T13:10:58.190060Z,433,85,13.4,12910
2025-05-15T13:11:01.014714Z,108,90,20.0,12901
2025-05-15T13:11:02.419841Z,448,87,10.6,9402
2025-05-15T13:11:04.866848Z,433,112,10.5,1185
2025-05-15T13:11:06.469286Z,108,135,13.7,6433
2025-05-15T13:11:08.681431Z,448,157,27.0,7363
2025-05-15T13:11:10.600313Z,433,124,0.3,19808
2025-05-15T13:11:12.042635Z,108,138,6.6,5535
2025-05-15T13:11:13.505986Z,448,135,30.9,3849
2025-05-15T13:11:14.227135Z,433,98,9.0,13465
2025-05-15T13:11:16.390796Z,108,123,32.9,18179
2025-05-15T13:11:18.629362Z,448,114,23.6,3323
2025-05-15T13:11:20.827307Z,433,145,22.3,1287
2025-05-15T13:11:22.661809Z,108,143,33.2,19468
2025-05-15T13:11:25.537737Z,448,159,3.4,13355
2025-05-15T13:11:26.406534Z,433,110,25.4,2773
2025-05-15T13:11:28.551572Z,108,153,23.9,8639
2025-05-15T13:11:29.603080Z,448,151,11.9,7845
2025-05-15T13:11:32.321484Z,433,116,33.2,6116
2025-05-15T13:11:35.043893Z,108,165,2.0,17420
2025-05-15T13:11:36.133519Z,448,111,9.1,6629
2025-05-15T13:11:39.006929Z,433,84,28.3,7893
2025-05-15T13:11:39.700800Z,108,170,29.2,17334
2025-05-15T13:11:41.449571Z,448,83,13.1,8751
2025-05-15T13:11:42.874058Z,433,139,27.2,12792
2025-05-15T13:11:45.664402Z,108,152,23.6,16363
2025-05-15T13:11:46.991465Z,433,138,14.0,8790
2025-05-15T13:11:49.295829Z,448,161,11.7,6532
2025-05-15T13:11:50.697061Z,108,110,15.3,18491
2025-05-15T13:11:52.377531Z,433,114,13.8,19485
2025-05-15T13:11:54.819833Z,448,128,33.7,2083
2025-05-15T13:11:56.397103Z,108,115,4.4,5802
2025-05-15T13:11:57.755247Z,433,127,0.8,259
2025-05-15T13:11:59.686963Z,448,159,32.1,10038
2025-05-15T13:12:01.457077Z,108,123,6.5,13077
2025-05-15T13:12:03.446938Z,448,121,27.5,12163
2025-05-15T13:12:05.386229Z,433,130,10.6,14636
2025-05-15T13:12:06.340539Z,108,110,0.5,9049
2025-05-15T13:12:07.182311Z,448,127,27.2,19284
2025-05-15T13:12:10.150559Z,433,114,6.4,4015
2025-05-15T13:12:12.983372Z,108,116,1.8,8676
2025-05-15T13:12:15.110035Z,448,154,6.8,5158
2025-05-15T13:12:17.962432Z,433,94,10.5,10378
2025-05-15T13:12:20.677759Z,108,107,25.1,1829
2025-05-15T13:12:22.309772Z,433,132,7.7,15004
2025-05-15T13:12:23.374786Z,448,167,31.6,982
2025-05-15T13:12:25.210181Z,108,167,25.6,16242
2025-05-15T13:12:28.060548Z,433,125,32.2,4655
2025-05-15T13:12:30.890351Z,448,90,12.9,17989
2025-05-15T13:12:32.506936Z,108,151,9.8,5125
2025-05-15T13:12:33.529724Z,448,164,9.8,5774
2025-05-15T13:12:35.112088Z,433,144,27.9,8511
2025-05-15T13:12:36.279736Z,108,167,22.8,16320
2025-05-15T13:12:36.901260Z,448,143,6.8,5360
2025-05-15T13:12:39.575494Z,433,166,0.9,17335
2025-05-15T13:12:41.102799Z,108,123,30.6,4836
2025-05-15T13:12:42.159210Z,448,136,16.2,4327
2025-05-15T13:12:44.102472Z,433,131,23.9,13327
2025-05-15T13:12:45.073223Z,108,139,0.1,9131
2025-05-15T13:12:47.850790Z,448,162,29.0,11701
2025-05-15T13:12:50.389018Z,433,136,32.6,2060
2025-05-15T13:12:50.950485Z,108,127,11.4,17011
2025-05-15T13:12:53.096198Z,433,85,1.3,4980
2025-05-15T13:12:54.805810Z,448,167,6.2,4195
2025-05-15T13:12:55.470091Z,108,103,11.2,6385
2025-05-15T13:12:56.269879Z,433,83,21.1,7428
2025-05-15T13:12:59.189028Z,448,168,27.7,7130
2025-05-15T13:13:01.596688Z,108,147,28.2,2845
2025-05-15T13:13:03.332631Z,433,101,31.8,6503
2025-05-15T13:13:04.136689Z,448,128,21.8,11503
2025-05-15T13:13:06.409657Z,108,146,27.1,5767
2025-05-15T13:13:09.175867Z,433,83,21.0,6110
2025-05-15T13:13:11.114901Z,448,160,30.0,8065
2025-05-15T13:13:12.474824Z,108,127,33.8,11542
2025-05-15T13:13:15.042941Z,433,164,23.9,7688
2025-05-15T13:13:15.913837Z,448,99,22.4,14506
2025-05-15T13:13:16.980936Z,108,158,6.7,17111
2025-05-15T13:13:18.989410Z,433,102,0.0,11914
2025-05-15T13:13:21.621570Z,448,168,24.3,7276
2025-05-15T13:13:24.076217Z,108,108,4.5,13868
2025-05-15T13:13:25.643271Z,433,144,12.3,1138
2025-05-15T13:13:27.317127Z,448,91,31.8,18062
2025-05-15T13:13:30.257435Z,108,85,17.9,12749
2025-05-15T13:13:32.275271Z,448,95,26.8,5190
2025-05-15T13:13:34.849683Z,433,105,13.3,3233
2025-05-15T13:13:35.385082Z,108,95,5.5,3269
2025-05-15T13:13:36.770634Z,448,150,7.8,18293
2025-05-15T13:13:38.965061Z,433,160,33.7,2937
2025-05-15T13:13:41.874205Z,108,143,23.3,14245
2025-05-15T13:13:44.681812Z,448,113,18.7,8463
2025-05-15T13:13:47.130189Z,433,141,7.0,14503
2025-05-15T13:13:49.514568Z,108,96,5.1,7100
2025-05-15T13:13:52.469949Z,448,99,5.0,5288
2025-05-15T13:13:55.269056Z,433,145,0.6,3477
2025-05-15T13:13:57.655009Z,108,117,8.9,5045
2025-05-15T13:13:59.020274Z,448,165,30.0,18549
2025-05-15T13:13:59.905981Z,433,165,34.7,6033
2025-05-15T13:14:00.852577Z,108,125,14.2,12354
2025-05-15T13:14:01.810178Z,448,159,34.8,11060
2025-05-15T13:14:02.837837Z,433,163,1.7,12766
2025-05-15T13:14:03.943445Z,106,161,27.7,15688
2025-05-15T13:14:06.604678Z,448,111,2.3,3759
2025-05-15T13:14:08.433610Z,433,114,13.9,16114
2025-05-15T13:14:09.623059Z,106,110,0.2,10330
2025-05-15T13:14:10.695847Z,448,151,33.2,3998
2025-05-15T13:14:12.828850Z,433,121,5.2,2350
2025-05-15T13:14:13.878229Z,106,129,6.1,1878
2025-05-15T13:14:15.650024Z,448,116,23.2,7511
2025-05-15T13:14:17.577300Z,433,140,23.0,12652
2025-05-15T13:14:18.235444Z,106,115,27.7,1475
2025-05-15T13:14:19.639274Z,448,112,19.9,5710
2025-05-15T13:14:22.481233Z,433,164,2.4,2833
2025-05-15T13:14:24.051531Z,106,114,2.5,18554
2025-05-15T13:14:26.467599Z,448,166,12.0,14033
2025-05-15T13:14:27.646647Z,433,152,32.7,2992
2025-05-15T13:14:29.587227Z,106,128,20.7,6931
2025-05-15T13:14:31.564564Z,433,137,19.1,11722
2025-05-15T13:14:34.076698Z,448,87,16.7,17
2025-05-15T13:14:36.604707Z,106,82,8.9,14240
2025-05-15T13:14:39.545693Z,433,165,0.5,16257
2025-05-15T13:14:40.285928Z,448,164,3.1,10075
2025-05-15T13:14:40.969157Z,106,105,20.0,14090
2025-05-15T13:14:43.733999Z,448,159,14.1,17431
2025-05-15T13:14:45.650323Z,433,138,14.2,18559
2025-05-15T13:14:48.537551Z,106,140,7.5,5405
2025-05-15T13:14:50.103457Z,433,141,8.1,19724
2025-05-15T13:14:53.066182Z,436,103,4.6,12759
2025-05-15T13:14:55.253557Z,106,83,16.1,11112
2025-05-15T13:14:57.492189Z,433,147,18.7,15569
2025-05-15T13:14:59.614060Z,436,133,12.3,6815
2025-05-15T13:15:02.465822Z,106,167,20.0,10117
2025-05-15T13:15:03.473360Z,433,157,3.2,12524
2025-05-15T13:15:04.795399Z,436,104,1.1,16793
2025-05-15T13:15:06.975683Z,106,154,22.3,5953
2025-05-15T13:15:08.058620Z,433,98,1.6,3966
2025-05-15T13:15:10.023854Z,436,125,29.5,11439
2025-05-15T13:15:11.739579Z,106,128,9.5,9266
2025-05-15T13:15:13.647180Z,436,138,28.0,9309
2025-05-15T13:15:15.347025Z,433,86,0.0,13790
2025-05-15T13:15:18.267449Z,106,139,13.8,10131
2025-05-15T13:15:20.129338Z,436,135,17.4,9756
2025-05-15T13:15:22.060328Z,433,155,15.8,10142
2025-05-15T13:15:24.772362Z,106,91,14.7,6596
2025-05-15T13:15:26.236504Z,433,124,14.9,1106
2025-05-15T13:15:27.378833Z,445,122,1.2,13326
2025-05-15T13:15:28.489493Z,106,120,24.5,15409
2025-05-15T13:15:29.487443Z,433,155,25.9,8925
2025-05-15T13:15:31.400059Z,445,158,6.5,15217
2025-05-15T13:15:33.003508Z,106,94,30.9,18528
2025-05-15T13:15:35.128693Z,433,97,19.9,12456
2025-05-15T13:15:36.185543Z,445,106,1.7,12155
2025-05-15T13:15:38.169454Z,106,81,6.3,11461
2025-05-15T13:15:38.944759Z,445,147,5.6,13550
2025-05-15T13:15:41.130812Z,433,134,10.5,2567
2025-05-15T13:15:43.764125Z,106,158,10.1,17187
2025-05-15T13:15:45.816037Z,445,151,29.4,10990
2025-05-15T13:15:47.845347Z,433,124,32.3,13564
2025-05-15T13:15:49.988995Z,106,111,10.4,10826
2025-05-15T13:15:52.373293Z,445,117,26.1,10072
2025-05-15T13:15:54.645885Z,433,89,27.7,10005
2025-05-15T13:15:56.675852Z,106,130,19.9,19774
2025-05-15T13:15:58.648573Z,445,157,8.5,8469
2025-05-15T13:15:59.838043Z,433,137,10.0,18838
2025-05-15T13:16:02.540337Z,106,132,9.2,17230
2025-05-15T13:16:04.938013Z,445,164,24.5,5614
2025-05-15T13:16:05.803273Z,433,86,20.8,16400
2025-05-15T13:16:07.353594Z,106,157,25.3,7160
2025-05-15T13:16:10.324412Z,433,165,28.6,17117
2025-05-15T13:16:12.281004Z,445,114,3.5,5167
2025-05-15T13:16:13.040032Z,106,81,34.9,18710
2025-05-15T13:16:14.653890Z,433,87,24.2,3773
2025-05-15T13:16:17.304943Z,445,85,16.8,9874
2025-05-15T13:16:20.053037Z,106,146,12.2,9406
2025-05-15T13:16:22.128780Z,433,132,13.0,15486
2025-05-15T13:16:24.629662Z,445,96,30.1,4117
2025-05-15T13:16:25.222893Z,106,81,1.5,9114
2025-05-15T13:16:27.139605Z,433,118,13.4,2100
2025-05-15T13:16:28.010559Z,445,158,7.8,1789
2025-05-15T13:16:30.567960Z,106,98,31.4,11657
2025-05-15T13:16:31.334550Z,433,94,7.1,15121
2025-05-15T13:16:32.667846Z,445,130,30.3,17326
2025-05-15T13:16:34.935293Z,106,130,6.7,19082
2025-05-15T13:16:36.278748Z,433,166,29.4,75
2025-05-15T13:16:38.167191Z,445,135,34.0,2584
2025-05-15T13:16:40.973936Z,106,158,7.6,2253
2025-05-15T13:16:42.126665Z,433,126,19.3,6198
2025-05-15T13:16:43.275102Z,445,121,13.9,7251
2025-05-15T13:16:43.986707Z,106,108,32.7,18046
2025-05-15T13:16:45.414174Z,445,106,10.4,6015
2025-05-15T13:16:46.390408Z,433,132,5.5,4447
2025-05-15T13:16:46.974122Z,106,111,6.8,14991
2025-05-15T13:16:48.206010Z,433,113,14.2,3531
2025-05-15T13:16:48.752801Z,445,109,23.2,18987
2025-05-15T13:16:50.292014Z,106,168,23.6,12984
2025-05-15T13:16:52.745591Z,433,149,29.1,1070
2025-05-15T13:16:54.626013Z,445,163,11.0,4615
2025-05-15T13:16:56.548715Z,106,115,13.4,19089
2025-05-15T13:16:59.446873Z,433,99,31.0,2938
2025-05-15T13:17:01.563456Z,445,142,15.3,9373
2025-05-15T13:17:02.224484Z,106,113,6.6,1230
2025-05-15T13:17:03.479729Z,445,120,2.0,7483
2025-05-15T13:17:05.321133Z,433,126,33.2,5353
2025-05-15T13:17:06.226101Z,106,151,21.3,9185
2025-05-15T13:17:07.781412Z,445,123,6.3,11035
2025-05-15T13:17:10.105994Z,433,100,7.0,4373
2025-05-15T13:17:11.906779Z,106,99,21.8,7660
2025-05-15T13:17:12.430077Z,445,82,4.7,13148
2025-05-15T13:17:14.364119Z,433,93,7.5,326
2025-05-15T13:17:15.438424Z,107,108,6.9,13378
2025-05-15T13:17:17.109539Z,445,88,25.7,4025
2025-05-15T13:17:19.285358Z,433,134,27.4,11966
2025-05-15T13:17:22.117395Z,107,81,15.3,13987
2025-05-15T13:17:22.972381Z,433,141,21.3,11382
2025-05-15T13:17:25.349640Z,445,120,8.7,1856
2025-05-15T13:17:26.283542Z,107,162,13.0,1836
2025-05-15T13:17:26.979147Z,433,102,31.9,19061
2025-05-15T13:17:28.869469Z,445,113,28.6,5591
2025-05-15T13:17:29.956939Z,107,107,9.5,4319
2025-05-15T13:17:30.573606Z,433,149,10.4,2231
2025-05-15T13:17:33.439976Z,445,154,28.3,536
2025-05-15T13:17:34.167143Z,107,100,33.5,4338
2025-05-15T13:17:35.398828Z,433,127,2.0,13552
2025-05-15T13:17:38.189558Z,445,113,23.1,17906
2025-05-15T13:17:39.845983Z,107,93,29.1,15606
2025-05-15T13:17:41.951466Z,445,168,17.3,8534
2025-05-15T13:17:43.486266Z,433,159,27.5,19684
2025-05-15T13:17:46.325554Z,107,103,32.4,1639
2025-05-15T13:17:47.791347Z,433,161,19.0,17590
2025-05-15T13:17:50.472340Z,445,136,5.4,15373
2025-05-15T13:17:52.544646Z,107,123,17.7,2100
2025-05-15T13:17:53.494343Z,445,120,21.0,19167
2025-05-15T13:17:55.949196Z,433,123,13.5,17490
2025-05-15T13:17:57.153565Z,107,112,32.0,4831
2025-05-15T13:18:00.021451Z,445,142,8.7,6148
2025-05-15T13:18:01.649875Z,433,89,27.8,3267
2025-05-15T13:18:02.474852Z,107,91,34.3,3906
2025-05-15T13:18:04.302142Z,445,145,1.5,11359
2025-05-15T13:18:07.258443Z,433,150,14.6,1638
2025-05-15T13:18:09.432467Z,107,89,15.9,1621
2025-05-15T13:18:12.089852Z,445,142,10.2,1181
2025-05-15T13:18:14.584696Z,433,108,20.9,11551
2025-05-15T13:18:15.343619Z,107,159,21.6,11631
2025-05-15T13:18:16.289126Z,445,120,25.7,3584
2025-05-15T13:18:18.024105Z,433,102,6.1,16129
2025-05-15T13:18:20.887471Z,107,112,8.7,18270
2025-05-15T13:18:22.523480Z,445,100,0.8,9478
2025-05-15T13:18:23.397614Z,433,94,13.1,12349
2025-05-15T13:18:25.595432Z,107,167,28.4,19369
2025-05-15T13:18:28.293107Z,445,128,29.7,6303
2025-05-15T13:18:31.065036Z,433,80,24.2,6406
2025-05-15T13:18:32.070928Z,107,117,10.3,14510
2025-05-15T13:18:34.763951Z,433,82,10.7,16992
2025-05-15T13:18:36.511690Z,445,156,20.3,10832
2025-05-15T13:18:37.041049Z,107,139,0.7,5446
2025-05-15T13:18:37.566860Z,433,127,21.5,12370
2025-05-15T13:18:39.981748Z,445,167,12.2,10263
2025-05-15T13:18:40.955414Z,107,167,15.7,8433
2025-05-15T13:18:43.015199Z,433,103,13.9,6855
2025-05-15T13:18:43.915095Z,445,156,25.9,13569
2025-05-15T13:18:44.998024Z,107,103,15.8,16318
2025-05-15T13:18:46.683437Z,433,101,5.6,11753
2025-05-15T13:18:48.601534Z,445,82,14.6,13086
2025-05-15T13:18:49.974758Z,107,90,5.0,19811
2025-05-15T13:18:50.809311Z,433,163,12.9,5166
2025-05-15T13:18:51.686584Z,445,116,4.1,10570
2025-05-15T13:18:54.496735Z,107,132,7.6,4968
2025-05-15T13:18:56.475266Z,433,120,26.5,19056
2025-05-15T13:18:57.980824Z,445,135,8.6,5051
2025-05-15T13:19:00.095206Z,107,102,28.9,9720
2025-05-15T13:19:02.255407Z,433,103,1.5,12352
2025-05-15T13:19:02.945401Z,445,164,9.1,16854
2025-05-15T13:19:03.513071Z,107,165,19.3,3181
2025-05-15T13:19:04.499400Z,445,93,7.8,17639
2025-05-15T13:19:06.900108Z,433,85,1.5,18805
2025-05-15T13:19:08.736190Z,107,108,24.7,5145
2025-05-15T13:19:09.396771Z,445,162,2.9,4975
2025-05-15T13:19:10.132674Z,433,102,27.4,12193
2025-05-15T13:19:12.505632Z,107,145,23.2,3691
2025-05-15T13:19:14.783704Z,445,148,5.4,14268
2025-05-15T13:19:16.642304Z,433,148,17.5,13155
2025-05-15T13:19:17.887190Z,107,81,3.6,19098
2025-05-15T13:19:18.661528Z,445,121,9.2,17604
2025-05-15T13:19:19.307747Z,433,119,34.6,4376
2025-05-15T13:19:21.900676Z,107,166,0.0,12722
2025-05-15T13:19:22.844829Z,445,144,32.0,16312
2025-05-15T13:19:24.450439Z,433,147,16.8,10278
2025-05-15T13:19:26.252391Z,107,129,22.3,9233
2025-05-15T13:19:29.116720Z,445,131,26.2,3891
2025-05-15T13:19:31.106203Z,433,96,7.6,5907
2025-05-15T13:19:31.885686Z,107,98,25.0,14290
2025-05-15T13:19:34.407344Z,445,102,2.6,5997
2025-05-15T13:19:34.950113Z,433,168,2.2,9316
2025-05-15T13:19:35.857851Z,107,112,18.6,3695
2025-05-15T13:19:37.061362Z,433,142,32.8,18623
2025-05-15T13:19:39.492576Z,445,169,30.3,2950
2025-05-15T13:19:41.170225Z,107,158,15.6,13312
2025-05-15T13:19:43.140544Z,433,156,34.2,9099
2025-05-15T13:19:45.078962Z,445,147,3.4,5271
2025-05-15T13:19:46.863180Z,107,105,3.9,18007
2025-05-15T13:19:47.412936Z,433,108,30.6,13836
2025-05-15T13:19:48.937489Z,445,168,26.1,69
2025-05-15T13:19:49.593459Z,107,124,32.8,5285
2025-05-15T13:19:51.441562Z,439,104,19.0,6178
2025-05-15T13:19:54.123982Z,445,80,11.3,1520
2025-05-15T13:19:55.440576Z,107,102,9.5,17349
2025-05-15T13:19:58.188437Z,445,150,24.8,11641
2025-05-15T13:20:00.071314Z,439,100,32.4,5600
2025-05-15T13:20:02.221276Z,107,152,26.9,2046
2025-05-15T13:20:02.870379Z,445,130,18.7,14162
2025-05-15T13:20:03.780414Z,439,138,26.5,7997
2025-05-15T13:20:06.424900Z,107,102,29.5,6776
2025-05-15T13:20:09.129935Z,445,144,21.3,12627
2025-05-15T13:20:11.312872Z,439,106,7.5,15848
2025-05-15T13:20:12.831645Z,107,90,17.7,3737
2025-05-15T13:20:15.539827Z,445,149,32.0,13188
2025-05-15T13:20:16.482410Z,439,138,3.7,14223
2025-05-15T13:20:18.362785Z,108,93,0.0,2437
2025-05-15T13:20:19.337465Z,445,164,17.7,5139
2025-05-15T13:20:20.340278Z,439,108,25.1,4992
2025-05-15T13:20:21.088151Z,108,149,29.7,7333
2025-05-15T13:20:22.461470Z,445,103,16.1,19663
2025-05-15T13:20:24.782277Z,439,88,18.5,10661
2025-05-15T13:20:27.052895Z,108,169,0.7,15803
2025-05-15T13:20:28.785416Z,439,92,22.8,13844
2025-05-15T13:20:31.174210Z,445,127,28.9,5473
2025-05-15T13:20:31.689895Z,108,148,18.3,8729
2025-05-15T13:20:32.808301Z,445,89,21.7,15305
2025-05-15T13:20:34.825048Z,439,132,4.1,16487
2025-05-15T13:20:37.062032Z,108,125,33.9,13729
2025-05-15T13:20:39.010920Z,439,148,22.5,17728
2025-05-15T13:20:41.242868Z,445,124,23.1,5839
2025-05-15T13:20:43.578929Z,108,82,34.7,4937
2025-05-15T13:20:45.832667Z,439,128,12.9,13082
2025-05-15T13:20:47.667333Z,445,101,21.4,11596
2025-05-15T13:20:49.604198Z,108,92,4.8,14687
2025-05-15T13:20:50.614548Z,439,158,17.8,18530
2025-05-15T13:20:53.342321Z,445,100,12.0,7324
2025-05-15T13:20:55.348181Z,108,165,15.2,295
2025-05-15T13:20:57.758172Z,439,118,31.0,18983
2025-05-15T13:21:00.412305Z,445,82,15.6,15570
2025-05-15T13:21:01.269103Z,108,159,14.4,19341
2025-05-15T13:21:04.240260Z,439,118,2.2,14348
2025-05-15T13:21:06.175496Z,445,130,17.0,18429
2025-05-15T13:21:06.685114Z,108,156,16.0,16319
2025-05-15T13:21:07.822389Z,445,125,24.0,18709
2025-05-15T13:21:09.032956Z,439,115,2.6,16680
2025-05-15T13:21:10.016809Z,108,157,28.1,9904
2025-05-15T13:21:10.798170Z,445,139,8.5,15018
2025-05-15T13:21:12.595639Z,439,160,12.0,13063
2025-05-15T13:21:14.928329Z,108,148,28.3,3500
2025-05-15T13:21:17.921433Z,277,117,27.2,17488
2025-05-15T13:21:18.491319Z,282,117,11.1,19822
2025-05-15T13:21:19.407982Z,142,161,18.0,12926
2025-05-15T13:21:22.097578Z,282,121,33.8,3875
2025-05-15T13:21:24.686814Z,277,84,5.7,4572
2025-05-15T13:21:27.589763Z,142,85,13.9,9498
2025-05-15T13:21:29.471955Z,282,87,0.6,17837
2025-05-15T13:21:30.419809Z,277,148,29.2,11749
2025-05-15T13:21:32.220018Z,142,108,0.0,17682
2025-05-15T13:21:34.152854Z,282,104,30.6,1348
2025-05-15T13:21:35.477554Z,277,119,23.3,17722
2025-05-15T13:21:37.355217Z,142,159,20.8,15523
2025-05-15T13:21:38.509996Z,282,93,19.4,13631
2025-05-15T13:21:41.470616Z,277,110,0.5,14649
2025-05-15T13:21:43.941373Z,142,81,1.7,6974
2025-05-15T13:21:44.556184Z,282,124,25.2,13215
2025-05-15T13:21:45.310740Z,277,156,12.5,6661
2025-05-15T13:21:45.853958Z,142,125,13.6,3181
2025-05-15T13:21:47.748853Z,282,152,6.7,14361
2025-05-15T13:21:50.695723Z,277,165,29.6,9640
2025-05-15T13:21:52.275706Z,142,152,1.8,15723
2025-05-15T13:21:55.060658Z,277,82,22.9,17393
2025-05-15T13:21:56.740918Z,282,133,30.7,1144
2025-05-15T13:21:57.318993Z,142,160,26.3,14015
2025-05-15T13:21:58.749896Z,277,168,4.3,7566
2025-05-15T13:21:59.928354Z,282,117,10.6,8259
2025-05-15T13:22:00.757171Z,142,156,32.8,12890
2025-05-15T13:22:02.467041Z,277,165,12.0,13826
2025-05-15T13:22:04.363606Z,282,131,28.6,12262
2025-05-15T13:22:05.275693Z,142,84,13.2,4130
2025-05-15T13:22:06.067766Z,282,124,21.4,14293
2025-05-15T13:22:08.748373Z,277,97,11.0,13941
2025-05-15T13:22:11.168669Z,142,103,32.9,5924
2025-05-15T13:22:11.980879Z,282,81,11.6,7060
2025-05-15T13:22:14.810554Z,277,162,23.1,14404
2025-05-15T13:22:17.293374Z,142,113,17.5,15741
2025-05-15T13:22:20.045290Z,278,118,18.9,10671
2025-05-15T13:22:21.476204Z,277,108,21.0,10690
2025-05-15T13:22:22.403010Z,142,109,18.7,10241
2025-05-15T13:22:22.918277Z,278,90,33.9,9419
2025-05-15T13:22:24.250819Z,277,124,7.6,5446
2025-05-15T13:22:26.504611Z,142,156,2.0,8163
2025-05-15T13:22:27.990577Z,278,164,6.5,2995
2025-05-15T13:22:30.816873Z,277,88,32.5,15476
2025-05-15T13:22:31.908944Z,142,161,5.0,15181
2025-05-15T13:22:33.645578Z,278,134,27.0,17565
2025-05-15T13:22:35.751923Z,277,111,21.6,18208
2025-05-15T13:22:37.054386Z,142,166,11.2,10640
2025-05-15T13:22:37.981809Z,278,154,23.4,5580
2025-05-15T13:22:40.184979Z,277,124,4.9,10244
2025-05-15T13:22:40.938487Z,142,94,34.2,10737
2025-05-15T13:22:42.661621Z,277,158,2.9,2181
2025-05-15T13:22:43.298469Z,278,86,18.5,1545
2025-05-15T13:22:44.706651Z,142,156,3.2,14687
2025-05-15T13:22:46.341921Z,277,114,16.5,11997
2025-05-15T13:22:48.438492Z,278,125,27.0,9750
2025-05-15T13:22:50.034393Z,142,147,25.6,9692
2025-05-15T13:22:50.814730Z,277,139,4.2,19024
2025-05-15T13:22:52.065431Z,278,153,16.1,8518
2025-05-15T13:22:53.288893Z,142,157,7.1,10923
2025-05-15T13:22:54.367313Z,277,145,18.7,7282
2025-05-15T13:22:55.355402Z,278,147,7.6,2724
2025-05-15T13:22:58.040019Z,142,88,24.1,7852
2025-05-15T13:23:00.603765Z,278,146,32.1,5970
2025-05-15T13:23:02.171575Z,277,84,18.0,16581
2025-05-15T13:23:04.008945Z,142,102,28.4,18245
2025-05-15T13:23:04.679738Z,278,102,16.8,15571
2025-05-15T13:23:05.670486Z,277,116,29.0,14247
2025-05-15T13:23:06.630372Z,142,167,2.2,5948
2025-05-15T13:23:07.435940Z,278,168,10.7,10705
2025-05-15T13:23:10.015271Z,277,107,32.4,7419
2025-05-15T13:23:11.721848Z,142,145,1.8,16773
2025-05-15T13:23:13.633161Z,278,93,12.5,15675
2025-05-15T13:23:14.603140Z,277,115,30.4,16271
2025-05-15T13:23:15.322196Z,142,141,15.5,12415
2025-05-15T13:23:18.155984Z,278,155,28.3,19295
2025-05-15T13:23:20.986340Z,277,119,7.9,12977
2025-05-15T13:23:21.827719Z,142,157,20.1,12323
2025-05-15T13:23:23.900481Z,278,135,9.2,11188
2025-05-15T13:23:24.532127Z,277,155,20.1,950
2025-05-15T13:23:26.755861Z,142,94,1.7,19515
2025-05-15T13:23:28.641120Z,277,141,8.0,555
2025-05-15T13:23:30.469349Z,278,109,29.1,11153
2025-05-15T13:23:31.378664Z,142,170,3.0,19478
2025-05-15T13:23:32.902661Z,278,146,10.2,9420
2025-05-15T13:23:33.828164Z,285,117,13.6,16862
2025-05-15T13:23:36.269361Z,142,118,21.7,15001
2025-05-15T13:23:38.226458Z,285,136,6.0,12154
2025-05-15T13:23:40.786171Z,278,142,11.5,18711
2025-05-15T13:23:42.157495Z,142,146,4.4,16984
2025-05-15T13:23:44.512238Z,285,155,1.8,4700
2025-05-15T13:23:45.190881Z,278,154,16.2,17655
2025-05-15T13:23:47.213888Z,142,164,29.6,2424
2025-05-15T13:23:49.763892Z,285,118,18.5,6145
2025-05-15T13:23:51.862136Z,278,137,31.5,15142
2025-05-15T13:23:52.398108Z,142,122,26.3,17338
2025-05-15T13:23:53.646230Z,285,113,32.4,3240
2025-05-15T13:23:56.120999Z,278,106,14.9,5238
2025-05-15T13:23:57.928680Z,142,130,34.4,3434
2025-05-15T13:23:58.636180Z,285,107,22.3,6878
2025-05-15T13:24:00.456588Z,278,123,26.3,17575
2025-05-15T13:24:01.241780Z,142,90,20.2,19980
2025-05-15T13:24:04.206959Z,278,142,29.2,2614
2025-05-15T13:24:05.394715Z,285,123,20.2,742
2025-05-15T13:24:07.739436Z,142,159,23.0,18771
2025-05-15T13:24:09.815124Z,278,101,29.2,14591
2025-05-15T13:24:11.485150Z,285,86,13.0,4843
2025-05-15T13:24:13.385835Z,142,134,32.4,19175
2025-05-15T13:24:14.405150Z,278,127,3.1,10259
2025-05-15T13:24:16.766434Z,285,148,26.3,15226
2025-05-15T13:24:19.669396Z,132,81,26.9,10433
2025-05-15T13:24:20.657293Z,278,166,13.8,3982
2025-05-15T13:24:21.461944Z,285,110,27.6,2615
2025-05-15T13:24:21.988032Z,132,148,4.4,18792
2025-05-15T13:24:24.949929Z,278,119,4.7,10326
2025-05-15T13:24:26.323833Z,285,111,25.3,1384
2025-05-15T13:24:28.258752Z,132,168,18.6,17531
2025-05-15T13:24:30.752755Z,285,144,25.1,1399
2025-05-15T13:24:31.961273Z,278,87,30.8,9808
2025-05-15T13:24:32.991717Z,132,139,7.2,2283
2025-05-15T13:24:35.756159Z,285,169,27.8,17397
2025-05-15T13:24:37.496632Z,278,128,26.5,4582
2025-05-15T13:24:40.284164Z,132,90,7.6,11425
2025-05-15T13:24:42.058307Z,285,156,14.0,8039
2025-05-15T13:24:43.080771Z,278,110,27.9,1977
2025-05-15T13:24:45.341557Z,132,160,11.7,10543
2025-05-15T13:24:48.280126Z,285,135,3.2,9564
2025-05-15T13:24:49.906033Z,278,111,3.0,10954
2025-05-15T13:24:52.557968Z,132,128,8.4,15969
2025-05-15T13:24:54.478218Z,285,125,12.1,3790
2025-05-15T13:24:55.231373Z,278,117,8.6,1395
2025-05-15T13:24:57.381435Z,132,145,31.9,15451
2025-05-15T13:24:59.096833Z,285,138,1.0,5190
2025-05-15T13:25:00.958589Z,278,133,34.9,12393
2025-05-15T13:25:02.483237Z,132,123,32.0,9666
2025-05-15T13:25:03.425960Z,285,90,13.2,8352
2025-05-15T13:25:04.567022Z,278,170,23.9,2508
2025-05-15T13:25:05.154427Z,132,93,21.8,15133
2025-05-15T13:25:08.051676Z,285,121,22.2,6708
2025-05-15T13:25:09.388581Z,278,161,32.2,13421
2025-05-15T13:25:11.959170Z,132,85,34.1,4077
2025-05-15T13:25:12.552854Z,285,165,19.6,40
2025-05-15T13:25:13.391276Z,278,107,0.3,4676
2025-05-15T13:25:15.107792Z,132,106,14.8,16682
2025-05-15T13:25:17.788698Z,285,113,22.2,8866
2025-05-15T13:25:19.421917Z,278,147,26.4,7533
2025-05-15T13:25:21.401861Z,132,107,32.4,18852
2025-05-15T13:25:22.931265Z,285,85,14.6,13177
2025-05-15T13:25:24.081584Z,278,164,30.1,117
2025-05-15T13:25:26.005754Z,132,102,17.7,9116
2025-05-15T13:25:28.851965Z,285,145,15.9,8834
2025-05-15T13:25:31.529887Z,278,124,3.9,7770
2025-05-15T13:25:34.107782Z,132,122,18.8,14866
2025-05-15T13:25:34.947244Z,278,142,4.3,8712
2025-05-15T13:25:37.667909Z,285,82,22.5,13920
2025-05-15T13:25:40.183019Z,132,151,34.5,3462
2025-05-15T13:25:42.576916Z,278,114,27.1,1150
2025-05-15T13:25:43.584654Z,285,106,20.7,17128
2025-05-15T13:25:46.337519Z,132,144,17.3,17969
2025-05-15T13:25:48.012252Z,278,163,26.2,16776
2025-05-15T13:25:49.068364Z,285,109,7.5,9304
2025-05-15T13:25:51.470816Z,132,137,0.5,8227
2025-05-15T13:25:52.206549Z,278,81,21.2,3693
2025-05-15T13:25:55.061748Z,285,124,6.8,13734
2025-05-15T13:25:57.985060Z,132,103,19.1,12972
2025-05-15T13:25:58.818161Z,278,113,27.6,1294
2025-05-15T13:26:01.627735Z,285,88,22.9,5583
2025-05-15T13:26:04.283626Z,132,109,31.3,1141
2025-05-15T13:26:06.594029Z,278,125,15.8,4389
2025-05-15T13:26:07.112336Z,285,115,2.3,1854
2025-05-15T13:26:09.380526Z,132,143,24.1,8916
2025-05-15T13:26:10.129788Z,285,107,5.6,12164
2025-05-15T13:26:13.124365Z,278,110,29.4,2466
2025-05-15T13:26:13.773108Z,132,141,25.0,10143
2025-05-15T13:26:14.520085Z,285,161,32.3,4725
2025-05-15T13:26:16.896717Z,278,149,33.3,922
2025-05-15T13:26:18.865171Z,132,151,16.6,12772
2025-05-15T13:26:21.822580Z,285,153,14.2,6007
2025-05-15T13:26:22.766220Z,278,90,34.7,9782
2025-05-15T13:26:25.249847Z,132,103,10.1,8684
2025-05-15T13:26:27.830801Z,285,168,22.6,7011
2025-05-15T13:26:28.761779Z,278,92,3.8,1691
2025-05-15T13:26:29.350394Z,132,119,13.4,14143
2025-05-15T13:26:30.098436Z,278,128,7.5,15561
2025-05-15T13:26:30.628434Z,285,149,14.0,5565
2025-05-15T13:26:31.268660Z,132,99,27.3,1041
2025-05-15T13:26:33.255052Z,278,110,13.7,13569
2025-05-15T13:26:35.558656Z,285,88,20.0,6441
2025-05-15T13:26:37.081831Z,132,149,20.4,326
2025-05-15T13:26:38.429241Z,285,140,21.2,983
2025-05-15T13:26:39.079072Z,278,143,8.5,10929
2025-05-15T13:26:41.967359Z,132,152,33.8,851
2025-05-15T13:26:44.463684Z,278,107,21.5,2931
2025-05-15T13:26:45.437450Z,285,84,22.9,5625
2025-05-15T13:26:46.338069Z,132,93,7.1,12473
2025-05-15T13:26:48.253998Z,278,145,16.5,2476
2025-05-15T13:26:50.391713Z,285,143,5.0,3930
2025-05-15T13:26:50.954092Z,132,112,11.1,9153
2025-05-15T13:26:53.312796Z,285,94,35.0,3635
2025-05-15T13:26:55.236495Z,278,150,28.3,2241
2025-05-15T13:26:56.921397Z,132,80,15.9,10039
2025-05-15T13:26:58.033593Z,278,86,34.4,4741
2025-05-15T13:27:00.596224Z,285,118,10.3,4317
2025-05-15T13:27:01.555392Z,132,98,3.2,13019
2025-05-15T13:27:02.093884Z,278,123,6.3,19258
2025-05-15T13:27:03.268579Z,285,90,5.0,557
2025-05-15T13:27:05.226932Z,132,119,26.0,14617
2025-05-15T13:27:07.721523Z,278,140,30.9,12315
2025-05-15T13:27:09.764083Z,285,106,23.6,13784
2025-05-15T13:27:11.867965Z,132,125,11.1,7361
2025-05-15T13:27:14.675338Z,278,140,14.3,15257
2025-05-15T13:27:16.682033Z,285,118,25.2,789
2025-05-15T13:27:19.608311Z,132,166,4.7,11303
2025-05-15T13:27:22.176214Z,278,125,20.5,11493
2025-05-15T13:27:22.956081Z,285,84,4.6,3483
2025-05-15T13:27:24.893512Z,132,94,11.2,17597
2025-05-15T13:27:26.847117Z,285,91,6.0,14085
2025-05-15T13:27:28.698349Z,278,131,34.8,9356
2025-05-15T13:27:31.029616Z,130,148,31.0,8365
2025-05-15T13:27:32.727040Z,278,134,27.7,16832
2025-05-15T13:27:34.913201Z,285,96,7.5,12431
2025-05-15T13:27:37.911019Z,130,81,17.5,8822
2025-05-15T13:27:39.190923Z,278,113,0.8,7560
2025-05-15T13:27:40.786728Z,285,164,19.5,2902
2025-05-15T13:27:43.728530Z,130,94,20.0,16079
2025-05-15T13:27:44.957470Z,278,152,4.6,14325
2025-05-15T13:27:46.209409Z,285,86,14.1,17337
2025-05-15T13:27:49.042634Z,130,105,13.8,4189
2025-05-15T13:27:51.626648Z,278,121,34.3,9129
2025-05-15T13:27:53.477479Z,285,145,15.3,14714
2025-05-15T13:27:56.338851Z,130,85,17.6,3842
2025-05-15T13:27:57.398855Z,285,147,14.4,8988
2025-05-15T13:27:58.978089Z,278,98,25.0,318
2025-05-15T13:27:59.898520Z,130,101,7.0,16110
2025-05-15T13:28:02.114318Z,285,98,30.3,11772
2025-05-15T13:28:04.870974Z,278,80,30.8,7137
2025-05-15T13:28:05.375920Z,130,82,0.6,17006
2025-05-15T13:28:06.818178Z,285,117,26.0,13215
2025-05-15T13:28:08.451771Z,278,155,3.9,158
2025-05-15T13:28:08.960168Z,130,146,20.0,18616
2025-05-15T13:28:11.958349Z,285,95,8.8,13310
2025-05-15T13:28:14.454152Z,278,82,20.3,3025
2025-05-15T13:28:15.915360Z,130,160,5.3,7703
2025-05-15T13:28:16.762519Z,285,143,7.1,14966
2025-05-15T13:28:19.117930Z,278,154,23.6,18912
2025-05-15T13:28:21.434819Z,130,159,1.6,291
2025-05-15T13:28:23.289262Z,285,123,10.5,2693
2025-05-15T13:28:26.146269Z,278,150,14.9,8454
2025-05-15T13:28:27.617539Z,130,85,1.8,19553
2025-05-15T13:28:30.157378Z,285,155,18.0,7180
2025-05-15T13:28:31.279981Z,278,95,31.2,8005
2025-05-15T13:28:34.162712Z,130,90,32.5,17150
2025-05-15T13:28:36.868663Z,285,120,3.2,19796
2025-05-15T13:28:38.756903Z,278,127,24.3,10804
2025-05-15T13:28:40.510024Z,130,153,33.7,10126
2025-05-15T13:28:41.385227Z,285,82,6.6,8512
2025-05-15T13:28:43.897527Z,278,165,0.4,11895
2025-05-15T13:28:44.906160Z,130,110,9.7,13471
2025-05-15T13:28:45.481088Z,285,121,13.1,18833
2025-05-15T13:28:47.499112Z,278,112,9.9,8956
2025-05-15T13:28:50.157187Z,130,135,15.5,1758
2025-05-15T13:28:50.895913Z,285,150,4.8,525
2025-05-15T13:28:53.421196Z,278,170,26.9,3001
2025-05-15T13:28:55.642992Z,130,99,32.2,7290
2025-05-15T13:28:57.426339Z,285,156,32.3,9469
2025-05-15T13:29:00.346704Z,278,99,33.6,12814
2025-05-15T13:29:01.198550Z,130,147,12.1,2294
2025-05-15T13:29:02.940752Z,285,168,11.4,4454
2025-05-15T13:29:04.609674Z,278,125,22.3,6312
2025-05-15T13:29:06.138639Z,130,100,33.3,7283
2025-05-15T13:29:07.499741Z,278,138,0.6,9655
2025-05-15T13:29:08.217716Z,285,159,3.3,18350
2025-05-15T13:29:11.093760Z,130,150,24.5,3512
2025-05-15T13:29:12.966140Z,278,167,14.7,2275
2025-05-15T13:29:15.036994Z,285,160,34.1,11336
2025-05-15T13:29:16.948146Z,130,116,23.3,13027
2025-05-15T13:29:17.734202Z,278,84,2.1,19713
2025-05-15T13:29:18.666435Z,285,87,9.3,13382
2025-05-15T13:29:19.225264Z,130,90,4.5,7939
2025-05-15T13:29:21.031193Z,278,138,3.0,2940
2025-05-15T13:29:23.339709Z,285,102,7.0,4166
2025-05-15T13:29:25.259205Z,130,160,15.0,11496
2025-05-15T13:29:25.983133Z,278,83,22.9,8666
2025-05-15T13:29:28.849393Z,285,127,0.4,14070
2025-05-15T13:29:30.437459Z,130,121,7.9,8472
2025-05-15T13:29:31.717600Z,278,85,34.0,10009
2025-05-15T13:29:33.855329Z,285,98,34.2,13728
2025-05-15T13:29:36.824268Z,130,161,10.5,824
2025-05-15T13:29:37.591945Z,278,91,11.7,224
2025-05-15T13:29:39.006822Z,285,160,34.4,10129
2025-05-15T13:29:40.736367Z,130,99,9.1,11459
2025-05-15T13:29:42.632203Z,281,133,2.9,13429
2025-05-15T13:29:44.469098Z,285,100,32.9,3327
2025-05-15T13:29:46.842731Z,130,96,28.9,6005
2025-05-15T13:29:48.328334Z,281,80,17.8,13707
2025-05-15T13:29:50.587315Z,285,129,32.7,13113
2025-05-15T13:29:53.469074Z,130,96,9.7,2509
2025-05-15T13:29:56.360056Z,281,159,30.8,13394
2025-05-15T13:29:58.990809Z,285,136,17.9,8833
2025-05-15T13:30:01.466076Z,130,117,16.6,2638
2025-05-15T13:30:03.622055Z,281,154,2.1,6805
2025-05-15T13:30:05.026069Z,285,84,14.4,3566
2025-05-15T13:30:07.541760Z,130,118,17.5,15839
2025-05-15T13:30:10.525314Z,281,98,4.4,10263
2025-05-15T13:30:13.185550Z,285,106,10.8,10067
2025-05-15T13:30:15.500696Z,130,128,19.2,3619
2025-05-15T13:30:16.377736Z,281,123,27.7,14182
2025-05-15T13:30:18.986428Z,285,157,25.8,11674
2025-05-15T13:30:19.895495Z,130,112,20.1,5638
2025-05-15T13:30:20.438475Z,281,131,23.1,9057
2025-05-15T13:30:22.941050Z,285,162,28.6,4054
2025-05-15T13:30:23.693738Z,130,170,21.4,6408
2025-05-15T13:30:25.560493Z,281,90,18.6,15191
2025-05-15T13:30:26.683187Z,285,165,15.0,10050
2025-05-15T13:30:27.746555Z,130,166,20.5,9420
2025-05-15T13:30:29.497662Z,281,144,28.2,2122
2025-05-15T13:30:31.318250Z,285,115,20.5,13755
2025-05-15T13:30:33.160351Z,130,131,14.2,599
2025-05-15T13:30:34.528643Z,281,92,28.6,1433
2025-05-15T13:30:35.483005Z,285,100,28.5,12159
2025-05-15T13:30:36.760510Z,130,164,26.2,2695
2025-05-15T13:30:39.265878Z,281,103,8.6,960
2025-05-15T13:30:40.062038Z,285,131,1.8,17297
2025-05-15T13:30:41.621748Z,130,110,17.4,3292
2025-05-15T13:30:43.905573Z,281,162,30.5,12617
2025-05-15T13:30:44.537751Z,285,87,7.1,2047
2025-05-15T13:30:47.536507Z,141,105,3.7,14638
2025-05-15T13:30:49.413404Z,285,155,21.8,1621
2025-05-15T13:30:50.113859Z,281,115,1.1,432
2025-05-15T13:30:51.138501Z,141,140,28.5,7887
2025-05-15T13:30:51.905846Z,285,168,17.4,3240
2025-05-15T13:30:53.880081Z,281,139,26.7,18178
2025-05-15T13:30:55.417433Z,141,93,31.0,12712
2025-05-15T13:30:58.127698Z,285,99,26.6,11625
2025-05-15T13:31:00.337055Z,281,158,34.2,1668
2025-05-15T13:31:02.641451Z,141,113,3.4,9335
2025-05-15T13:31:05.254954Z,285,161,16.3,17166
2025-05-15T13:31:06.576596Z,281,126,32.2,3947
2025-05-15T13:31:07.269199Z,141,136,11.9,11065
2025-05-15T13:31:09.094472Z,281,170,4.2,15484
2025-05-15T13:31:11.901032Z,285,151,18.5,14537
2025-05-15T13:31:13.707498Z,141,80,16.5,15334
2025-05-15T13:31:15.704359Z,285,87,25.0,15333
2025-05-15T13:31:16.484237Z,281,133,3.7,900
2025-05-15T13:31:18.365549Z,141,145,3.9,15400
2025-05-15T13:31:21.305419Z,285,99,4.5,6645
2025-05-15T13:31:23.497534Z,281,155,22.2,12589
2025-05-15T13:31:24.625820Z,141,142,27.1,17546
2025-05-15T13:31:25.620734Z,281,123,29.3,1321
2025-05-15T13:31:27.239256Z,285,133,19.6,3474
2025-05-15T13:31:29.988432Z,141,80,6.4,9397
2025-05-15T13:31:31.856007Z,281,166,25.3,17990
2025-05-15T13:31:33.271848Z,285,125,16.3,16400
2025-05-15T13:31:33.850543Z,141,101,22.8,9606
2025-05-15T13:31:34.835930Z,281,97,7.5,12951
2025-05-15T13:31:37.745952Z,285,100,34.0,3982
2025-05-15T13:31:39.222710Z,141,84,27.6,12597
2025-05-15T13:31:41.228872Z,281,128,19.3,14938
2025-05-15T13:31:42.377826Z,285,165,16.5,12744
2025-05-15T13:31:44.879944Z,141,167,23.9,2172
2025-05-15T13:31:46.472271Z,129,168,4.1,18942
2025-05-15T13:31:49.096532Z,141,126,24.4,4654
2025-05-15T13:31:49.820139Z,287,87,25.8,13322
2025-05-15T13:31:52.556762Z,129,98,13.6,144
2025-05-15T13:31:54.257619Z,141,81,7.6,11926
2025-05-15T13:31:54.873671Z,287,163,18.3,8455
2025-05-15T13:31:57.605641Z,129,100,9.9,6942
2025-05-15T13:31:59.862682Z,141,168,3.9,17635
2025-05-15T13:32:02.526938Z,287,153,4.8,17754
2025-05-15T13:32:05.165137Z,129,144,2.3,772
2025-05-15T13:32:05.690684Z,141,93,25.9,19683
2025-05-15T13:32:08.214106Z,287,89,28.5,10367
2025-05-15T13:32:10.859485Z,129,85,5.2,12068
2025-05-15T13:32:13.638465Z,141,128,16.7,11951
2025-05-15T13:32:16.047592Z,287,150,34.6,9528
2025-05-15T13:32:17.558292Z,141,111,8.1,10813
2025-05-15T13:32:18.639973Z,129,150,3.2,102
2025-05-15T13:32:19.954602Z,287,95,30.8,9048
2025-05-15T13:32:22.734812Z,141,133,9.1,5094
2025-05-15T13:32:24.461272Z,129,154,27.6,4006
2025-05-15T13:32:25.761415Z,287,111,19.3,10516
2025-05-15T13:32:28.122565Z,141,94,4.8,2502
2025-05-15T13:32:30.887147Z,129,143,11.5,3227
2025-05-15T13:32:31.722113Z,287,155,13.0,18441
2025-05-15T13:32:33.466489Z,129,92,11.9,8506
2025-05-15T13:32:34.353400Z,141,161,1.6,19613
2025-05-15T13:32:36.008049Z,287,109,25.7,618
2025-05-15T13:32:36.891820Z,129,117,15.2,12117
2025-05-15T13:32:39.321075Z,141,134,27.1,15353
2025-05-15T13:32:40.174441Z,287,125,2.3,3334
2025-05-15T13:32:40.742732Z,129,106,2.1,16385
2025-05-15T13:32:42.402345Z,141,126,13.4,8636
2025-05-15T13:32:44.789092Z,287,141,18.6,7532
2025-05-15T13:32:46.491978Z,141,87,7.6,15947
2025-05-15T13:32:47.787103Z,129,109,18.6,6085
2025-05-15T13:32:50.508771Z,287,117,28.7,9886
2025-05-15T13:32:52.266908Z,141,121,24.7,5933
2025-05-15T13:32:53.725215Z,129,100,19.7,10889
2025-05-15T13:32:54.874115Z,287,130,24.0,13199
2025-05-15T13:32:57.827278Z,141,137,6.5,16914
2025-05-15T13:33:00.412042Z,129,85,15.7,14044
2025-05-15T13:33:01.538721Z,287,81,15.6,12361
2025-05-15T13:33:03.746703Z,129,98,16.7,2215
2025-05-15T13:33:06.395870Z,141,170,7.2,11084
2025-05-15T13:33:07.416485Z,287,150,33.8,13136
2025-05-15T13:33:09.106205Z,129,168,4.8,19783
2025-05-15T13:33:09.919656Z,141,147,15.1,16513
2025-05-15T13:33:12.509395Z,287,157,1.8,989
2025-05-15T13:33:15.002723Z,141,146,32.1,17148
2025-05-15T13:33:17.986843Z,129,155,23.8,5779
2025-05-15T13:33:18.630679Z,287,122,27.3,7710
2025-05-15T13:33:19.779950Z,141,124,27.6,17197
2025-05-15T13:33:22.638926Z,129,157,27.0,15540
2025-05-15T13:33:23.638963Z,287,133,26.0,10727
2025-05-15T13:33:25.629416Z,141,137,15.0,8433
2025-05-15T13:33:28.070695Z,129,120,6.7,10540
2025-05-15T13:33:29.599430Z,287,87,25.8,16390
2025-05-15T13:33:31.587877Z,141,139,17.5,11108
2025-05-15T13:33:32.948532Z,129,100,15.3,2522
2025-05-15T13:33:34.915273Z,287,83,8.4,17267
2025-05-15T13:33:36.064453Z,141,103,16.7,13187
2025-05-15T13:33:38.438401Z,129,96,15.9,6758
2025-05-15T13:33:39.389057Z,287,170,6.2,4824
2025-05-15T13:33:41.094420Z,141,93,26.7,15230
2025-05-15T13:33:43.669751Z,129,163,31.0,13956
2025-05-15T13:33:45.686619Z,287,142,3.7,5386
2025-05-15T13:33:46.329634Z,140,117,5.5,17799
2025-05-15T13:33:47.759506Z,129,116,9.4,18103
2025-05-15T13:33:49.269877Z,287,150,8.1,12281
2025-05-15T13:33:50.209181Z,140,93,29.2,18959
2025-05-15T13:33:50.728840Z,129,154,30.0,5871
2025-05-15T13:33:51.696791Z,287,103,26.1,18633
2025-05-15T13:33:54.183575Z,140,81,3.3,8720
2025-05-15T13:33:55.144537Z,129,130,9.4,2537
2025-05-15T13:33:55.795912Z,287,149,0.9,2341
2025-05-15T13:33:57.422354Z,140,82,32.3,2634
2025-05-15T13:33:58.922509Z,129,104,15.6,1289
2025-05-15T13:34:01.642940Z,287,167,0.4,1078
2025-05-15T13:34:02.870953Z,129,105,7.3,13541
2025-05-15T13:34:05.458780Z,140,103,8.9,9163
2025-05-15T13:34:06.900618Z,287,108,29.8,14436
2025-05-15T13:34:07.800392Z,140,115,27.4,14196
2025-05-15T13:34:10.747612Z,129,151,0.2,7284
2025-05-15T13:34:13.642369Z,287,84,26.0,10652
2025-05-15T13:34:14.792643Z,140,100,30.8,18023
2025-05-15T13:34:16.105268Z,129,169,21.1,19815
2025-05-15T13:34:17.167434Z,287,139,24.5,16163
2025-05-15T13:34:18.117890Z,140,91,5.6,18762
2025-05-15T13:34:18.912572Z,129,129,7.8,1564
2025-05-15T13:34:20.158735Z,287,152,28.6,1949
2025-05-15T13:34:20.972332Z,129,135,25.1,14829
2025-05-15T13:34:22.460164Z,140,122,28.8,14864
2025-05-15T13:34:25.117696Z,287,150,22.6,11662
2025-05-15T13:34:28.060772Z,140,155,17.1,19214
2025-05-15T13:34:29.494859Z,129,137,25.3,16569
2025-05-15T13:34:32.142765Z,287,135,10.5,91
2025-05-15T13:34:33.689505Z,140,143,34.8,13526
2025-05-15T13:34:36.305724Z,129,82,5.9,17879
2025-05-15T13:34:36.831298Z,287,93,19.8,5628
2025-05-15T13:34:38.818853Z,140,101,6.5,2547
2025-05-15T13:34:41.579149Z,129,118,30.9,7805
2025-05-15T13:34:43.628390Z,287,115,9.1,18757
2025-05-15T13:34:46.413064Z,140,154,7.9,5140
2025-05-15T13:34:47.784304Z,129,104,8.7,5679
2025-05-15T13:34:48.300705Z,287,101,8.6,2203
2025-05-15T13:34:48.902548Z,140,127,31.7,10858
2025-05-15T13:34:50.262679Z,129,87,4.0,7413
2025-05-15T13:34:53.235955Z,287,116,11.5,1094
2025-05-15T13:34:54.301046Z,129,131,20.3,18166
2025-05-15T13:34:56.822386Z,140,116,24.3,6820
2025-05-15T13:34:58.881840Z,282,111,6.7,5315
2025-05-15T13:35:00.118198Z,129,111,13.8,5348
2025-05-15T13:35:02.098437Z,140,96,0.3,17609
2025-05-15T13:35:02.665068Z,282,152,26.1,17641
2025-05-15T13:35:05.664621Z,129,109,4.3,8829
2025-05-15T13:35:08.046267Z,140,91,5.7,18998
2025-05-15T13:35:08.690098Z,282,122,26.3,12871
2025-05-15T13:35:09.972740Z,129,158,21.0,4387
2025-05-15T13:35:12.851187Z,140,95,5.0,16266
2025-05-15T13:35:14.354908Z,282,89,16.8,10124
2025-05-15T13:35:16.324903Z,129,115,5.6,487
2025-05-15T13:35:17.784730Z,140,156,27.1,8788
2025-05-15T13:35:19.887023Z,282,152,7.1,14684
2025-05-15T13:35:21.241768Z,140,92,20.5,5924
2025-05-15T13:35:22.730576Z,129,89,24.6,3272
2025-05-15T13:35:24.434620Z,282,109,25.3,4197
2025-05-15T13:35:27.295005Z,129,115,16.6,4952
2025-05-15T13:35:29.464454Z,140,145,22.0,13062
2025-05-15T13:35:30.594140Z,282,93,31.4,4648
2025-05-15T13:35:32.847189Z,129,159,14.9,14698
2025-05-15T13:35:35.368818Z,140,109,0.9,18713
2025-05-15T13:35:37.351547Z,282,164,26.0,17466
2025-05-15T13:35:40.107511Z,129,120,30.6,8863
2025-05-15T13:35:40.760222Z,140,101,24.7,2057
2025-05-15T13:35:42.144804Z,282,109,30.1,11620
2025-05-15T13:35:42.669637Z,129,92,9.5,4573
2025-05-15T13:35:43.420556Z,140,161,3.7,7791
2025-05-15T13:35:45.586032Z,282,86,18.1,14470
2025-05-15T13:35:47.298818Z,129,155,16.1,4576
2025-05-15T13:35:48.451139Z,140,157,34.1,12267
2025-05-15T13:35:50.682199Z,282,112,30.1,5024
2025-05-15T13:35:53.609069Z,129,144,19.1,8335
2025-05-15T13:35:55.679775Z,140,166,11.2,17684
2025-05-15T13:35:58.157817Z,282,155,6.3,243
2025-05-15T13:35:59.414095Z,129,149,16.9,1358
2025-05-15T13:36:00.992650Z,140,161,13.4,18827
2025-05-15T13:36:01.988336Z,282,106,30.8,5575
2025-05-15T13:36:03.960615Z,129,151,15.0,3121
2025-05-15T13:36:05.355536Z,140,159,33.0,5437
2025-05-15T13:36:06.706269Z,282,149,23.3,14198
2025-05-15T13:36:07.893612Z,129,146,11.7,16497
2025-05-15T13:36:10.357637Z,140,125,25.7,17380
2025-05-15T13:36:11.337901Z,282,149,6.0,10506
2025-05-15T13:36:13.586578Z,140,170,27.8,4422
2025-05-15T13:36:15.097905Z,129,102,0.6,16643
2025-05-15T13:36:16.263219Z,282,141,4.4,19152
2025-05-15T13:36:18.710516Z,140,126,10.7,7101
2025-05-15T13:36:21.366175Z,129,161,30.6,12230
2025-05-15T13:36:22.066558Z,282,154,13.7,18200
2025-05-15T13:36:22.964118Z,140,103,30.4,282
2025-05-15T13:36:25.351573Z,129,148,6.4,13295
2025-05-15T13:36:26.271580Z,282,118,15.7,18103
2025-05-15T13:36:27.799553Z,129,155,26.6,5907
2025-05-15T13:36:29.914851Z,140,91,29.8,5555
2025-05-15T13:36:32.397148Z,282,111,32.3,2857
2025-05-15T13:36:33.615832Z,129,153,6.1,375
2025-05-15T13:36:36.085985Z,140,157,24.6,13680
2025-05-15T13:36:37.572032Z,282,168,15.5,4403
2025-05-15T13:36:39.096805Z,129,80,9.2,11229
2025-05-15T13:36:41.666883Z,140,86,33.7,11839
2025-05-15T13:36:43.242654Z,282,103,2.3,9340
2025-05-15T13:36:45.360194Z,129,82,25.1,2453
2025-05-15T13:36:45.984950Z,140,90,20.1,8048
2025-05-15T13:36:47.411789Z,282,105,18.9,5820
2025-05-15T13:36:48.247961Z,129,118,29.3,3068
2025-05-15T13:36:48.965070Z,140,155,7.8,189
2025-05-15T13:36:51.202140Z,282,133,33.8,17330
2025-05-15T13:36:52.061055Z,140,142,23.1,10497
2025-05-15T13:36:53.560991Z,129,131,3.9,13696
2025-05-15T13:36:56.138375Z,282,87,16.6,14284
2025-05-15T13:36:58.814146Z,129,130,9.8,17226
2025-05-15T13:37:01.097217Z,140,125,0.4,18757
2025-05-15T13:37:02.411128Z,282,139,6.1,8892
2025-05-15T13:37:03.970276Z,129,136,28.9,4804
2025-05-15T13:37:06.613750Z,140,166,3.9,6495
2025-05-15T13:37:09.080002Z,282,94,0.4,8486
2025-05-15T13:37:10.287788Z,129,91,33.8,9819
2025-05-15T13:37:11.130830Z,140,105,25.0,12749
2025-05-15T13:37:12.503245Z,282,116,4.1,6443
2025-05-15T13:37:14.152662Z,129,139,16.4,12725
2025-05-15T13:37:15.961059Z,140,141,33.3,1036
2025-05-15T13:37:17.516034Z,282,168,7.3,8225
2025-05-15T13:37:19.527047Z,129,103,21.8,1474
2025-05-15T13:37:22.074021Z,140,134,28.3,15511
2025-05-15T13:37:23.393505Z,282,123,3.5,18038
2025-05-15T13:37:24.996956Z,140,91,29.3,16200
2025-05-15T13:37:27.046262Z,129,152,6.6,9823
2025-05-15T13:37:29.289595Z,282,85,30.9,9405
2025-05-15T13:37:31.190500Z,140,136,10.8,8759
2025-05-15T13:37:31.884924Z,129,143,5.9,8803
2025-05-15T13:37:33.248300Z,282,122,27.9,16416
2025-05-15T13:37:35.808087Z,140,153,8.9,18686
2025-05-15T13:37:38.210226Z,129,81,5.8,9614
2025-05-15T13:37:40.642003Z,282,127,26.1,12402
2025-05-15T13:37:43.247170Z,140,97,14.6,18606
2025-05-15T13:37:43.850826Z,129,168,16.4,6483
2025-05-15T13:37:45.640120Z,282,170,9.3,396
2025-05-15T13:37:48.588252Z,140,80,20.8,7442
2025-05-15T13:37:50.340402Z,129,123,21.9,10254
2025-05-15T13:37:52.044674Z,282,114,6.1,12806
2025-05-15T13:37:54.359957Z,129,110,11.2,19332
2025-05-15T13:37:56.368472Z,140,84,20.4,7221
2025-05-15T13:37:58.060861Z,282,89,9.2,14003
2025-05-15T13:37:58.685638Z,129,142,29.6,13453
2025-05-15T13:38:01.028236Z,140,117,7.8,16554
2025-05-15T13:38:03.918699Z,282,146,9.2,6955
2025-05-15T13:38:05.561290Z,129,130,25.5,2698
2025-05-15T13:38:07.416871Z,140,137,29.5,11514
2025-05-15T13:38:10.113047Z,288,112,31.4,15314
2025-05-15T13:38:10.941481Z,129,129,26.4,13242
2025-05-15T13:38:12.825113Z,140,88,12.9,9729
2025-05-15T13:38:15.530783Z,288,91,18.2,16958
2025-05-15T13:38:17.897145Z,140,153,1.2,1959
2025-05-15T13:38:18.770027Z,129,140,32.4,5470
2025-05-15T13:38:20.712189Z,288,94,0.4,16941
2025-05-15T13:38:21.982353Z,140,85,24.4,18418
2025-05-15T13:38:23.445000Z,129,117,34.2,11905
2025-05-15T13:38:24.974744Z,288,134,1.2,1196
2025-05-15T13:38:26.044478Z,129,111,15.5,13920
2025-05-15T13:38:28.024828Z,140,111,7.4,12987
2025-05-15T13:38:29.732445Z,288,136,23.3,729
2025-05-15T13:38:32.276003Z,129,140,24.5,3940
2025-05-15T13:38:34.145987Z,140,97,6.4,6009
2025-05-15T13:38:35.697561Z,288,140,31.9,9214
2025-05-15T13:38:38.137815Z,129,158,0.6,16773
2025-05-15T13:38:39.768120Z,140,162,17.7,10783
2025-05-15T13:38:40.813195Z,288,122,23.7,1529
2025-05-15T13:38:42.281222Z,140,106,20.0,6696
2025-05-15T13:38:43.542922Z,129,101,24.4,16505
2025-05-15T13:38:45.932769Z,288,131,0.8,10319
2025-05-15T13:38:48.429819Z,140,161,11.3,717
2025-05-15T13:38:51.039425Z,129,161,10.6,4523
2025-05-15T13:38:51.886922Z,288,95,24.3,1922
2025-05-15T13:38:53.042826Z,140,151,14.8,2547
2025-05-15T13:38:54.905489Z,129,131,23.9,14509
2025-05-15T13:38:55.479838Z,288,130,7.2,2005
2025-05-15T13:38:57.886180Z,140,131,26.7,18935
2025-05-15T13:39:00.713511Z,129,166,31.4,485
2025-05-15T13:39:02.399927Z,288,154,20.3,16677
2025-05-15T13:39:04.998191Z,140,90,23.6,18567
2025-05-15T13:39:07.539194Z,129,100,17.2,18410
2025-05-15T13:39:08.423990Z,288,169,11.3,6687
2025-05-15T13:39:10.855528Z,140,109,16.2,14992
2025-05-15T13:39:13.199372Z,129,80,18.7,10091
2025-05-15T13:39:15.226237Z,288,101,14.2,9566
2025-05-15T13:39:16.120575Z,140,106,25.1,19377
2025-05-15T13:39:17.959481Z,129,165,8.2,2854
2025-05-15T13:39:20.145911Z,288,110,33.5,9911
2025-05-15T13:39:22.363631Z,140,161,21.1,631
2025-05-15T13:39:23.146018Z,129,125,27.1,13714
2025-05-15T13:39:24.770121Z,288,128,21.0,2081
2025-05-15T13:39:26.812447Z,129,148,15.4,65
2025-05-15T13:39:28.232108Z,140,157,18.6,8898
2025-05-15T13:39:29.312109Z,288,145,26.0,9107
2025-05-15T13:39:31.458831Z,140,111,28.4,4807
2025-05-15T13:39:33.915856Z,129,168,23.7,2468
2025-05-15T13:39:35.580627Z,288,148,3.9,15449
2025-05-15T13:39:37.335622Z,140,80,13.5,12350
2025-05-15T13:39:40.220242Z,129,114,23.2,3732
2025-05-15T13:39:41.579592Z,288,162,18.5,1697
2025-05-15T13:39:42.336982Z,140,163,29.8,19035
2025-05-15T13:39:45.139502Z,129,164,5.0,16744
2025-05-15T13:39:45.872386Z,288,80,7.0,14705
2025-05-15T13:39:48.309163Z,144,94,16.7,19630
2025-05-15T13:39:51.252479Z,129,132,22.1,1393
2025-05-15T13:39:52.868145Z,288,86,7.1,16815
2025-05-15T13:39:54.940905Z,144,84,18.1,2149
2025-05-15T13:39:56.576559Z,129,131,5.3,5426
2025-05-15T13:39:58.578155Z,288,133,19.3,9698
2025-05-15T13:40:01.160464Z,144,147,11.4,989
2025-05-15T13:40:03.311747Z,129,82,16.0,16919
2025-05-15T13:40:05.080853Z,288,154,33.8,18512
2025-05-15T13:40:06.040480Z,129,162,16.3,9031
2025-05-15T13:40:06.762523Z,144,133,18.9,13860
2025-05-15T13:40:09.605171Z,288,167,3.9,19655
2025-05-15T13:40:12.316567Z,129,129,30.1,5619
2025-05-15T13:40:14.816090Z,144,131,13.7,509
2025-05-15T13:40:16.709763Z,288,147,4.7,548
2025-05-15T13:40:17.810032Z,129,95,16.0,5741
2025-05-15T13:40:20.795695Z,144,133,6.8,8669
2025-05-15T13:40:21.997223Z,288,107,11.4,19492
2025-05-15T13:40:23.450936Z,129,163,6.4,8292
2025-05-15T13:40:24.785956Z,144,146,23.8,15877
2025-05-15T13:40:27.535932Z,288,90,6.3,9674
2025-05-15T13:40:30.062198Z,129,164,5.0,5318
2025-05-15T13:40:32.206272Z,144,127,7.5,19551
2025-05-15T13:40:32.752690Z,288,91,32.9,5118
2025-05-15T13:40:35.644751Z,129,138,12.7,293
2025-05-15T13:40:36.601350Z,144,114,19.9,13273
2025-05-15T13:40:39.158645Z,288,170,2.1,19989
2025-05-15T13:40:40.600451Z,129,137,0.0,9622
2025-05-15T13:40:41.706159Z,144,120,4.7,10103
2025-05-15T13:40:42.311231Z,288,125,7.8,13923
2025-05-15T13:40:43.450836Z,129,90,24.5,14405
2025-05-15T13:40:45.925268Z,144,115,23.8,7964
2025-05-15T13:40:48.609528Z,288,169,9.5,16712
2025-05-15T13:40:50.476489Z,129,95,12.3,18676
2025-05-15T13:40:52.105913Z,144,143,8.7,12105
2025-05-15T13:40:53.297026Z,288,131,14.4,6474
2025-05-15T13:40:56.198852Z,129,109,15.0,12489
2025-05-15T13:40:57.706932Z,144,139,21.2,17332
2025-05-15T13:40:59.226314Z,288,154,2.6,12216
2025-05-15T13:41:01.180006Z,144,152,28.6,5707
2025-05-15T13:41:02.017227Z,129,86,33.3,6094
2025-05-15T13:41:04.029307Z,288,129,6.5,13458
2025-05-15T13:41:05.938496Z,144,96,0.4,13662
2025-05-15T13:41:07.433884Z,129,138,33.2,18651
2025-05-15T13:41:09.392401Z,288,102,6.6,11296
2025-05-15T13:41:10.834789Z,144,155,31.8,19687
2025-05-15T13:41:12.978050Z,129,99,20.6,19765
2025-05-15T13:41:15.455864Z,288,150,8.7,10505
2025-05-15T13:41:17.834603Z,144,141,30.3,13101
2025-05-15T13:41:19.724548Z,129,139,24.9,14776
2025-05-15T13:41:21.751836Z,288,127,32.1,14215
2025-05-15T13:41:22.282729Z,144,95,8.6,17209
2025-05-15T13:41:23.214395Z,129,146,33.2,8240
2025-05-15T13:41:25.952427Z,279,111,3.3,6558
2025-05-15T13:41:27.960233Z,144,104,34.2,19644
2025-05-15T13:41:28.671827Z,129,96,14.1,961
2025-05-15T13:41:29.182875Z,279,88,10.1,1627
2025-05-15T13:41:31.313804Z,144,164,24.4,13071
2025-05-15T13:41:32.180789Z,129,158,25.4,2206
2025-05-15T13:41:35.072249Z,279,119,25.9,7432
2025-05-15T13:41:37.704517Z,144,116,25.6,18481
2025-05-15T13:41:38.381309Z,129,118,4.1,6688
2025-05-15T13:41:40.172774Z,279,153,17.3,4990
2025-05-15T13:41:42.925607Z,129,149,16.5,1086
2025-05-15T13:41:44.904199Z,144,149,15.2,10722
2025-05-15T13:41:47.486257Z,279,129,10.4,4437
2025-05-15T13:41:48.728386Z,129,81,11.5,4958
2025-05-15T13:41:49.367414Z,144,103,8.2,7606
2025-05-15T13:41:49.944865Z,279,142,34.8,14028
2025-05-15T13:41:51.966443Z,129,93,21.8,8553
2025-05-15T13:41:53.863191Z,144,159,14.0,18624
2025-05-15T13:41:56.713604Z,279,149,32.2,1112
2025-05-15T13:41:58.836191Z,129,127,14.1,4315
2025-05-15T13:42:01.534558Z,144,90,16.6,11943
2025-05-15T13:42:02.649570Z,279,80,15.7,13385
2025-05-15T13:42:04.172170Z,129,147,15.1,10918
2025-05-15T13:42:07.117597Z,144,99,26.5,9515
2025-05-15T13:42:09.741532Z,279,80,10.8,10071
2025-05-15T13:42:11.468413Z,129,95,24.9,10419
2025-05-15T13:42:12.532259Z,144,89,23.0,15799
2025-05-15T13:42:14.683449Z,279,120,29.8,3176
2025-05-15T13:42:15.215281Z,144,143,17.2,6437
2025-05-15T13:42:17.321190Z,129,89,17.4,11456
2025-05-15T13:42:17.976465Z,279,133,3.0,18861
2025-05-15T13:42:20.380953Z,144,102,33.8,4804
2025-05-15T13:42:22.618477Z,129,159,26.0,19130
2025-05-15T13:42:24.612528Z,279,89,20.7,16896
2025-05-15T13:42:26.323226Z,485,106,16.1,6221
2025-05-15T13:42:27.568901Z,490,103,28.4,10174
2025-05-15T13:42:28.756555Z,43,137,10.0,19953
2025-05-15T13:42:29.256769Z,490,114,17.3,841
2025-05-15T13:42:30.866598Z,485,148,14.6,4216
2025-05-15T13:42:33.302765Z,43,120,34.5,168
2025-05-15T13:42:35.532336Z,490,140,14.5,2497
2025-05-15T13:42:37.975816Z,485,157,2.5,15440
2025-05-15T13:42:40.050503Z,43,168,19.5,11707
2025-05-15T13:42:40.775074Z,490,168,8.4,5454
2025-05-15T13:42:43.434769Z,485,155,12.1,8781
2025-05-15T13:42:44.813957Z,43,104,34.0,1213
2025-05-15T13:42:46.826503Z,485,89,19.5,11600
2025-05-15T13:42:48.598712Z,490,124,12.1,2590
2025-05-15T13:42:50.921011Z,43,92,11.2,14807
2025-05-15T13:42:52.072441Z,485,159,13.7,11984
2025-05-15T13:42:53.194632Z,490,165,4.1,13053
2025-05-15T13:42:53.811860Z,43,142,28.7,88
2025-05-15T13:42:54.438306Z,490,81,20.6,412
2025-05-15T13:42:56.730367Z,485,120,31.2,3841
2025-05-15T13:42:58.579308Z,43,82,34.8,8147
2025-05-15T13:43:00.589825Z,490,149,5.2,2668
2025-05-15T13:43:03.100505Z,485,83,23.8,19286
2025-05-15T13:43:04.557052Z,43,100,26.9,1307
2025-05-15T13:43:05.653421Z,490,127,32.0,17825
2025-05-15T13:43:07.540128Z,485,167,33.2,689
2025-05-15T13:43:09.690307Z,43,148,18.9,4966
2025-05-15T13:43:11.169662Z,490,100,21.3,11073
2025-05-15T13:43:11.896020Z,485,128,9.9,14330
2025-05-15T13:43:14.169255Z,43,106,30.3,7757
2025-05-15T13:43:15.525619Z,490,133,4.6,1818
2025-05-15T13:43:18.356970Z,485,157,34.5,9829
2025-05-15T13:43:19.516088Z,43,82,17.6,16620
2025-05-15T13:43:22.266095Z,490,135,17.1,16567
2025-05-15T13:43:24.565681Z,485,157,19.5,1394
2025-05-15T13:43:26.557133Z,43,85,34.3,3849
2025-05-15T13:43:28.555846Z,490,158,3.2,9245
2025-05-15T13:43:31.219978Z,485,90,3.2,4759
2025-05-15T13:43:33.746870Z,43,128,3.5,10986
2025-05-15T13:43:35.589655Z,490,150,11.8,1541
2025-05-15T13:43:36.946931Z,485,131,8.4,3909
2025-05-15T13:43:37.725527Z,43,163,14.1,9675
2025-05-15T13:43:40.711014Z,490,167,23.5,5207
2025-05-15T13:43:41.577864Z,485,120,7.9,15413
2025-05-15T13:43:43.773165Z,43,140,16.7,8933
2025-05-15T13:43:45.181561Z,490,115,10.4,1858
2025-05-15T13:43:47.840419Z,485,166,31.2,4508
2025-05-15T13:43:50.636754Z,43,105,2.8,2081
2025-05-15T13:43:51.859943Z,490,89,28.8,18752
2025-05-15T13:43:53.207339Z,485,111,20.2,13802
2025-05-15T13:43:55.898337Z,43,142,28.1,13375
2025-05-15T13:43:56.729013Z,490,132,6.3,10705
2025-05-15T13:43:58.986821Z,485,153,13.2,90
2025-05-15T13:44:00.395076Z,43,81,4.8,12594
2025-05-15T13:44:01.079257Z,490,148,10.5,4251
2025-05-15T13:44:02.514183Z,485,151,31.8,194
2025-05-15T13:44:03.554388Z,43,129,18.1,1586
2025-05-15T13:44:04.880998Z,490,86,13.8,1360
2025-05-15T13:44:06.371565Z,485,110,15.2,274
2025-05-15T13:44:07.798976Z,43,96,25.6,2874
